sample_id,population_name,population_abbreviation,latitude,longitude,ecotype,habitat_domain,local_terrain_elevation_m,local_terrain_elevation_m__status,local_terrain_elevation_m__unit,local_terrain_elevation_m__axis,local_terrain_elevation_m__source,local_terrain_elevation_m__source_version,local_terrain_elevation_m__method,local_terrain_elevation_m__scale_m,local_terrain_elevation_m__retrieved_at_utc,local_terrain_elevation_m__checksum_sha256,local_terrain_elevation_m__diagnostics,local_terrain_slope_deg,local_terrain_slope_deg__status,local_terrain_slope_deg__unit,local_terrain_slope_deg__axis,local_terrain_slope_deg__source,local_terrain_slope_deg__source_version,local_terrain_slope_deg__method,local_terrain_slope_deg__scale_m,local_terrain_slope_deg__retrieved_at_utc,local_terrain_slope_deg__checksum_sha256,local_terrain_slope_deg__diagnostics,local_terrain_relief_m,local_terrain_relief_m__status,local_terrain_relief_m__unit,local_terrain_relief_m__axis,local_terrain_relief_m__source,local_terrain_relief_m__source_version,local_terrain_relief_m__method,local_terrain_relief_m__scale_m,local_terrain_relief_m__retrieved_at_utc,local_terrain_relief_m__checksum_sha256,local_terrain_relief_m__diagnostics,upstream_drainage_area_km2,upstream_drainage_area_km2__status,upstream_drainage_area_km2__unit,upstream_drainage_area_km2__axis,upstream_drainage_area_km2__source,upstream_drainage_area_km2__source_version,upstream_drainage_area_km2__method,upstream_drainage_area_km2__scale_m,upstream_drainage_area_km2__retrieved_at_utc,upstream_drainage_area_km2__checksum_sha256,upstream_drainage_area_km2__diagnostics,height_above_drainage_m,height_above_drainage_m__status,height_above_drainage_m__unit,height_above_drainage_m__axis,height_above_drainage_m__source,height_above_drainage_m__source_version,height_above_drainage_m__method,height_above_drainage_m__scale_m,height_above_drainage_m__retrieved_at_utc,height_above_drainage_m__checksum_sha256,height_above_drainage_m__diagnostics,channel_width_m,channel_width_m__status,channel_width_m__unit,channel_width_m__axis,channel_width_m__source,channel_width_m__source_version,channel_width_m__method,channel_width_m__scale_m,channel_width_m__retrieved_at_utc,channel_width_m__checksum_sha256,channel_width_m__diagnostics,merit_elevation_m,merit_elevation_m__status,merit_elevation_m__unit,merit_elevation_m__axis,merit_elevation_m__source,merit_elevation_m__source_version,merit_elevation_m__method,merit_elevation_m__scale_m,merit_elevation_m__retrieved_at_utc,merit_elevation_m__checksum_sha256,merit_elevation_m__diagnostics,upstream_drainage_pixels,upstream_drainage_pixels__status,upstream_drainage_pixels__unit,upstream_drainage_pixels__axis,upstream_drainage_pixels__source,upstream_drainage_pixels__source_version,upstream_drainage_pixels__method,upstream_drainage_pixels__scale_m,upstream_drainage_pixels__retrieved_at_utc,upstream_drainage_pixels__checksum_sha256,upstream_drainage_pixels__diagnostics,flow_direction_d8,flow_direction_d8__status,flow_direction_d8__unit,flow_direction_d8__axis,flow_direction_d8__source,flow_direction_d8__source_version,flow_direction_d8__method,flow_direction_d8__scale_m,flow_direction_d8__retrieved_at_utc,flow_direction_d8__checksum_sha256,flow_direction_d8__diagnostics,water_body_mask,water_body_mask__status,water_body_mask__unit,water_body_mask__axis,water_body_mask__source,water_body_mask__source_version,water_body_mask__method,water_body_mask__scale_m,water_body_mask__retrieved_at_utc,water_body_mask__checksum_sha256,water_body_mask__diagnostics,log10_upstream_drainage_area,log10_upstream_drainage_area__status,log10_upstream_drainage_area__unit,log10_upstream_drainage_area__axis,log10_upstream_drainage_area__source,log10_upstream_drainage_area__source_version,log10_upstream_drainage_area__method,log10_upstream_drainage_area__scale_m,log10_upstream_drainage_area__retrieved_at_utc,log10_upstream_drainage_area__checksum_sha256,log10_upstream_drainage_area__diagnostics,local_terrain_gradient,local_terrain_gradient__status,local_terrain_gradient__unit,local_terrain_gradient__axis,local_terrain_gradient__source,local_terrain_gradient__source_version,local_terrain_gradient__method,local_terrain_gradient__scale_m,local_terrain_gradient__retrieved_at_utc,local_terrain_gradient__checksum_sha256,local_terrain_gradient__diagnostics
S0001,Barents Sea pelagic,BAR,72.5801,37.0803,marine,marine,,not_applicable,m,topography,Copernicus DEM GLO-30,,cached 3x3 window,30.0,2026-09-08T00:01:53+00:00,463ab8c48f38ef4b299d74d39ae064ea055c8d80f68cb49a109c41a820c12c83,,,not_applicable,degree,topography,Copernicus DEM GLO-30,,cached 3x3 window,30.0,2026-09-08T00:01:53+00:00,463ab8c48f38ef4b299d74d39ae064ea055c8d80f68cb49a109c41a820c12c83,,,not_applicable,m,topography,Copernicus DEM GLO-30,,cached 3x3 window,30.0,2026-09-08T00:01:53+00:00,463ab8c48f38ef4b299d74d39ae064ea055c8d80f68cb49a109c41a820c12c83,,,not_applicable,km2,hydrology,MERIT/Hydro/v1_0_1,v1_0_1,Earth Engine point sample,90.0,,,,,not_applicable,m,hydrology,MERIT/Hydro/v1_0_1,v1_0_1,Earth Engine point sample,90.0,,,,,not_applicable,m,hydrodynamics,MERIT/Hydro/v1_0_1,v1_0_1,Earth Engine point sample,90.0,,,,,not_applicable,m,topography,MERIT/Hydro/v1_0_1,v1_0_1,Earth Engine point sample,90.0,,,,,not_applicable,count,hydrology,MERIT/Hydro/v1_0_1,v1_0_1,Earth Engine point sample,90.0,,,,,not_applicable,D8 code,hydrology,MERIT/Hydro/v1_0_1,v1_0_1,Earth Engine point sample,90.0,,,,,not_applicable,category,habitat_geometry,MERIT/Hydro/v1_0_1,v1_0_1,Earth Engine point sample,90.0,,,,,not_applicable,log10(1+km2),hydrology,MERIT/Hydro/v1_0_1,v1_0_1,Earth Engine point sample,90.0,,,"{""derivation"":""log10(1 + upstream_drainage_area_km2)""}",,not_applicable,rise/run,topography,Copernicus DEM GLO-30,,cached 3x3 window,30.0,2026-09-08T00:01:53+00:00,463ab8c48f38ef4b299d74d39ae064ea055c8d80f68cb49a109c41a820c12c83,"{""derivation"":""tan(local_terrain_slope_deg); not channel gradient""}"
S0002,Pulmankijaervi (Kevo),PUL2,69.5856,27.5854,freshwater,freshwater,308.9638671875,ok,m,topography,Copernicus DEM GLO-30,,cached 3x3 window,30.0,2026-09-07T23:53:42+00:00,2ab8c0b75c72726cfb936e3017b449d1c8eb081d535a56cd61d6f51b02dc3c56,,0.8052772411679643,ok,degree,topography,Copernicus DEM GLO-30,,cached 3x3 window,30.0,2026-09-07T23:53:42+00:00,2ab8c0b75c72726cfb936e3017b449d1c8eb081d535a56cd61d6f51b02dc3c56,,0.885833740234375,ok,m,topography,Copernicus DEM GLO-30,,cached 3x3 window,30.0,2026-09-07T23:53:42+00:00,2ab8c0b75c72726cfb936e3017b449d1c8eb081d535a56cd61d6f51b02dc3c56,,0.006015514023602009,ok,km2,hydrology,MERIT/Hydro/v1_0_1,v1_0_1,Earth Engine point sample,90.0,,,,5.100006103515625,ok,m,hydrology,MERIT/Hydro/v1_0_1,v1_0_1,Earth Engine point sample,90.0,,,,,no_valid_data,m,hydrodynamics,MERIT/Hydro/v1_0_1,v1_0_1,Earth Engine point sample,90.0,,,,310.70001220703125,ok,m,topography,MERIT/Hydro/v1_0_1,v1_0_1,Earth Engine point sample,90.0,,,,2.0,ok,count,hydrology,MERIT/Hydro/v1_0_1,v1_0_1,Earth Engine point sample,90.0,,,,8.0,ok,D8 code,hydrology,MERIT/Hydro/v1_0_1,v1_0_1,Earth Engine point sample,90.0,,,,0.0,ok,category,habitat_geometry,MERIT/Hydro/v1_0_1,v1_0_1,Earth Engine point sample,90.0,,,,0.0026046781382889597,ok,log10(1+km2),hydrology,MERIT/Hydro/v1_0_1,v1_0_1,Earth Engine point sample,90.0,,,"{""derivation"":""log10(1 + upstream_drainage_area_km2)""}",0.014055664760449721,ok,rise/run,topography,Copernicus DEM GLO-30,,cached 3x3 window,30.0,2026-09-07T23:53:42+00:00,2ab8c0b75c72726cfb936e3017b449d1c8eb081d535a56cd61d6f51b02dc3c56,"{""derivation"":""tan(local_terrain_slope_deg); not channel gradient""}"
S0028,Unnamed5_northwest_of_Skagafjörður,ISI,66.11091,-20.09427,marine-freshwater,transition,-1.0,ok,m,topography,Copernicus DEM GLO-30,,cached 3x3 window,30.0,2026-09-08T00:02:03+00:00,3c2c241910db383bcdf8dd6e092b7421adef25d6c2e0612481b3a0644b43c16d,,1.049001057780942,ok,degree,topography,Copernicus DEM GLO-30,,cached 3x3 window,30.0,2026-09-08T00:02:03+00:00,3c2c241910db383bcdf8dd6e092b7421adef25d6c2e0612481b3a0644b43c16d,,0.9420896917581558,ok,m,topography,Copernicus DEM GLO-30,,cached 3x3 window,30.0,2026-09-08T00:02:03+00:00,3c2c241910db383bcdf8dd6e092b7421adef25d6c2e0612481b3a0644b43c16d,,0.00349068664945662,ok,km2,hydrology,MERIT/Hydro/v1_0_1,v1_0_1,Earth Engine point sample,90.0,,,,1.0,ok,m,hydrology,MERIT/Hydro/v1_0_1,v1_0_1,Earth Engine point sample,90.0,,,,,no_valid_data,m,hydrodynamics,MERIT/Hydro/v1_0_1,v1_0_1,Earth Engine point sample,90.0,,,,1.0,ok,m,topography,MERIT/Hydro/v1_0_1,v1_0_1,Earth Engine point sample,90.0,,,,1.0,ok,count,hydrology,MERIT/Hydro/v1_0_1,v1_0_1,Earth Engine point sample,90.0,,,,32.0,ok,D8 code,hydrology,MERIT/Hydro/v1_0_1,v1_0_1,Earth Engine point sample,90.0,,,,1.0,ok,category,habitat_geometry,MERIT/Hydro/v1_0_1,v1_0_1,Earth Engine point sample,90.0,,,,0.001513346175254757,ok,log10(1+km2),hydrology,MERIT/Hydro/v1_0_1,v1_0_1,Earth Engine point sample,90.0,,,"{""derivation"":""log10(1 + upstream_drainage_area_km2)""}",0.018310568273872393,ok,rise/run,topography,Copernicus DEM GLO-30,,cached 3x3 window,30.0,2026-09-08T00:02:03+00:00,3c2c241910db383bcdf8dd6e092b7421adef25d6c2e0612481b3a0644b43c16d,"{""derivation"":""tan(local_terrain_slope_deg); not channel gradient""}"
S0031,Hópsvatn,ISU_ISUB,66.0693,-19.14021,freshwater,freshwater,0.09950569272041321,ok,m,topography,Copernicus DEM GLO-30,,cached 3x3 window,30.0,2026-09-08T00:02:07+00:00,9d0d3def68e28e6f587a588b1e578981a75c87a16b7092013b4a3167a9310367,,0.6760813436479807,ok,degree,topography,Copernicus DEM GLO-30,,cached 3x3 window,30.0,2026-09-08T00:02:07+00:00,9d0d3def68e28e6f587a588b1e578981a75c87a16b7092013b4a3167a9310367,,0.582215279340744,ok,m,topography,Copernicus DEM GLO-30,,cached 3x3 window,30.0,2026-09-08T00:02:07+00:00,9d0d3def68e28e6f587a588b1e578981a75c87a16b7092013b4a3167a9310367,,,no_valid_data,km2,hydrology,MERIT/Hydro/v1_0_1,v1_0_1,Earth Engine point sample,90.0,,,,,no_valid_data,m,hydrology,MERIT/Hydro/v1_0_1,v1_0_1,Earth Engine point sample,90.0,,,,,no_valid_data,m,hydrodynamics,MERIT/Hydro/v1_0_1,v1_0_1,Earth Engine point sample,90.0,,,,,no_valid_data,m,topography,MERIT/Hydro/v1_0_1,v1_0_1,Earth Engine point sample,90.0,,,,,no_valid_data,count,hydrology,MERIT/Hydro/v1_0_1,v1_0_1,Earth Engine point sample,90.0,,,,,no_valid_data,D8 code,hydrology,MERIT/Hydro/v1_0_1,v1_0_1,Earth Engine point sample,90.0,,,,,no_valid_data,category,habitat_geometry,MERIT/Hydro/v1_0_1,v1_0_1,Earth Engine point sample,90.0,,,,,no_valid_data,log10(1+km2),hydrology,MERIT/Hydro/v1_0_1,v1_0_1,Earth Engine point sample,90.0,,,"{""derivation"":""log10(1 + upstream_drainage_area_km2)""}",0.011800393144282854,ok,rise/run,topography,Copernicus DEM GLO-30,,cached 3x3 window,30.0,2026-09-08T00:02:07+00:00,9d0d3def68e28e6f587a588b1e578981a75c87a16b7092013b4a3167a9310367,"{""derivation"":""tan(local_terrain_slope_deg); not channel gradient""}"
S0050,Lake Verkhneye Morzhovoe,VEMO,65.53083,34.70589,freshwater,freshwater,4.911632537841797,ok,m,topography,Copernicus DEM GLO-30,,cached 3x3 window,30.0,2026-09-08T00:02:12+00:00,0f7654bd5208cec50382b6d6e770dba8ece6098606c841d9638b2d93b99ec860,,0.782947816587196,ok,degree,topography,Copernicus DEM GLO-30,,cached 3x3 window,30.0,2026-09-08T00:02:12+00:00,0f7654bd5208cec50382b6d6e770dba8ece6098606c841d9638b2d93b99ec860,,1.0290312767028809,ok,m,topography,Copernicus DEM GLO-30,,cached 3x3 window,30.0,2026-09-08T00:02:12+00:00,0f7654bd5208cec50382b6d6e770dba8ece6098606c841d9638b2d93b99ec860,,0.4534260034561157,ok,km2,hydrology,MERIT/Hydro/v1_0_1,v1_0_1,Earth Engine point sample,90.0,,,,0.0,ok,m,hydrology,MERIT/Hydro/v1_0_1,v1_0_1,Earth Engine point sample,90.0,,,,210.70750427246094,ok,m,hydrodynamics,MERIT/Hydro/v1_0_1,v1_0_1,Earth Engine point sample,90.0,,,,3.9000000953674316,ok,m,topography,MERIT/Hydro/v1_0_1,v1_0_1,Earth Engine point sample,90.0,,,,127.0,ok,count,hydrology,MERIT/Hydro/v1_0_1,v1_0_1,Earth Engine point sample,90.0,,,,1.0,ok,D8 code,hydrology,MERIT/Hydro/v1_0_1,v1_0_1,Earth Engine point sample,90.0,,,,1.0,ok,category,habitat_geometry,MERIT/Hydro/v1_0_1,v1_0_1,Earth Engine point sample,90.0,,,,0.1623929259525193,ok,log10(1+km2),hydrology,MERIT/Hydro/v1_0_1,v1_0_1,Earth Engine point sample,90.0,,,"{""derivation"":""log10(1 + upstream_drainage_area_km2)""}",0.013665867902793512,ok,rise/run,topography,Copernicus DEM GLO-30,,cached 3x3 window,30.0,2026-09-08T00:02:12+00:00,0f7654bd5208cec50382b6d6e770dba8ece6098606c841d9638b2d93b99ec860,"{""derivation"":""tan(local_terrain_slope_deg); not channel gradient""}"
S0067,Kazachka,KAZ,64.71699,177.50497,marine,marine,,not_applicable,m,topography,Copernicus DEM GLO-30,,cached 3x3 window,30.0,2026-09-08T00:02:31+00:00,a33c579b0eb6363062753275e3b67bcb7d70034aadb0db00f2eba5f188038c22,,,not_applicable,degree,topography,Copernicus DEM GLO-30,,cached 3x3 window,30.0,2026-09-08T00:02:31+00:00,a33c579b0eb6363062753275e3b67bcb7d70034aadb0db00f2eba5f188038c22,,,not_applicable,m,topography,Copernicus DEM GLO-30,,cached 3x3 window,30.0,2026-09-08T00:02:31+00:00,a33c579b0eb6363062753275e3b67bcb7d70034aadb0db00f2eba5f188038c22,,,not_applicable,km2,hydrology,MERIT/Hydro/v1_0_1,v1_0_1,Earth Engine point sample,90.0,,,,,not_applicable,m,hydrology,MERIT/Hydro/v1_0_1,v1_0_1,Earth Engine point sample,90.0,,,,,not_applicable,m,hydrodynamics,MERIT/Hydro/v1_0_1,v1_0_1,Earth Engine point sample,90.0,,,,,not_applicable,m,topography,MERIT/Hydro/v1_0_1,v1_0_1,Earth Engine point sample,90.0,,,,,not_applicable,count,hydrology,MERIT/Hydro/v1_0_1,v1_0_1,Earth Engine point sample,90.0,,,,,not_applicable,D8 code,hydrology,MERIT/Hydro/v1_0_1,v1_0_1,Earth Engine point sample,90.0,,,,,not_applicable,category,habitat_geometry,MERIT/Hydro/v1_0_1,v1_0_1,Earth Engine point sample,90.0,,,,,not_applicable,log10(1+km2),hydrology,MERIT/Hydro/v1_0_1,v1_0_1,Earth Engine point sample,90.0,,,"{""derivation"":""log10(1 + upstream_drainage_area_km2)""}",,not_applicable,rise/run,topography,Copernicus DEM GLO-30,,cached 3x3 window,30.0,2026-09-08T00:02:31+00:00,a33c579b0eb6363062753275e3b67bcb7d70034aadb0db00f2eba5f188038c22,"{""derivation"":""tan(local_terrain_slope_deg); not channel gradient""}"
S0084,Qasigiannguit,QAS,64.08018,-51.01237,freshwater,freshwater,72.43993377685547,ok,m,topography,Copernicus DEM GLO-30,,cached 3x3 window,30.0,2026-09-08T00:02:34+00:00,76660f3f9d26f371f2e5d2781ade45a07af4aa25d979c98b3150c234241c029d,,2.421551653998764,ok,degree,topography,Copernicus DEM GLO-30,,cached 3x3 window,30.0,2026-09-08T00:02:34+00:00,76660f3f9d26f371f2e5d2781ade45a07af4aa25d979c98b3150c234241c029d,,3.2900772094726562,ok,m,topography,Copernicus DEM GLO-30,,cached 3x3 window,30.0,2026-09-08T00:02:34+00:00,76660f3f9d26f371f2e5d2781ade45a07af4aa25d979c98b3150c234241c029d,,1.4090116024017334,ok,km2,hydrology,MERIT/Hydro/v1_0_1,v1_0_1,Earth Engine point sample,90.0,,,,0.0,ok,m,hydrology,MERIT/Hydro/v1_0_1,v1_0_1,Earth Engine point sample,90.0,,,,,no_valid_data,m,hydrodynamics,MERIT/Hydro/v1_0_1,v1_0_1,Earth Engine point sample,90.0,,,,35.0,ok,m,topography,MERIT/Hydro/v1_0_1,v1_0_1,Earth Engine point sample,90.0,,,,374.0,ok,count,hydrology,MERIT/Hydro/v1_0_1,v1_0_1,Earth Engine point sample,90.0,,,,32.0,ok,D8 code,hydrology,MERIT/Hydro/v1_0_1,v1_0_1,Earth Engine point sample,90.0,,,,0.0,ok,category,habitat_geometry,MERIT/Hydro/v1_0_1,v1_0_1,Earth Engine point sample,90.0,,,,0.38183889167410734,ok,log10(1+km2),hydrology,MERIT/Hydro/v1_0_1,v1_0_1,Earth Engine point sample,90.0,,,"{""derivation"":""log10(1 + upstream_drainage_area_km2)""}",0.042289232080142736,ok,rise/run,topography,Copernicus DEM GLO-30,,cached 3x3 window,30.0,2026-09-08T00:02:34+00:00,76660f3f9d26f371f2e5d2781ade45a07af4aa25d979c98b3150c234241c029d,"{""derivation"":""tan(local_terrain_slope_deg); not channel gradient""}"
S0091,Ölfusá,ISAY,63.89123,-21.30293,freshwater,freshwater,0.0,ok,m,topography,Copernicus DEM GLO-30,,cached 3x3 window,30.0,2026-09-08T00:02:37+00:00,30a4ec51c3377da62f8ad667c2d045e7d53b469b3feea56b48c21f364f8cf741,,0.8110425019472526,ok,degree,topography,Copernicus DEM GLO-30,,cached 3x3 window,30.0,2026-09-08T00:02:37+00:00,30a4ec51c3377da62f8ad667c2d045e7d53b469b3feea56b48c21f364f8cf741,,0.7749649286270142,ok,m,topography,Copernicus DEM GLO-30,,cached 3x3 window,30.0,2026-09-08T00:02:37+00:00,30a4ec51c3377da62f8ad667c2d045e7d53b469b3feea56b48c21f364f8cf741,,0.18581204116344452,ok,km2,hydrology,MERIT/Hydro/v1_0_1,v1_0_1,Earth Engine point sample,90.0,,,,0.0,ok,m,hydrology,MERIT/Hydro/v1_0_1,v1_0_1,Earth Engine point sample,90.0,,,,,no_valid_data,m,hydrodynamics,MERIT/Hydro/v1_0_1,v1_0_1,Earth Engine point sample,90.0,,,,2.4000000953674316,ok,m,topography,MERIT/Hydro/v1_0_1,v1_0_1,Earth Engine point sample,90.0,,,,49.0,ok,count,hydrology,MERIT/Hydro/v1_0_1,v1_0_1,Earth Engine point sample,90.0,,,,1.0,ok,D8 code,hydrology,MERIT/Hydro/v1_0_1,v1_0_1,Earth Engine point sample,90.0,,,,0.0,ok,category,habitat_geometry,MERIT/Hydro/v1_0_1,v1_0_1,Earth Engine point sample,90.0,,,,0.07401585601424844,ok,log10(1+km2),hydrology,MERIT/Hydro/v1_0_1,v1_0_1,Earth Engine point sample,90.0,,,"{""derivation"":""log10(1 + upstream_drainage_area_km2)""}",0.014156307565174435,ok,rise/run,topography,Copernicus DEM GLO-30,,cached 3x3 window,30.0,2026-09-08T00:02:37+00:00,30a4ec51c3377da62f8ad667c2d045e7d53b469b3feea56b48c21f364f8cf741,"{""derivation"":""tan(local_terrain_slope_deg); not channel gradient""}"
S0093,Christiansen Lake,CHRIS,62.3147,-150.0625,freshwater,freshwater,120.4051284790039,ok,m,topography,Copernicus DEM GLO-30,,cached 3x3 window,30.0,2026-09-08T00:02:40+00:00,dc669ab31863253b4a9bc51322003adb7be9a815292b65b24a02fd4e4f87438c,,3.8101797550446648,ok,degree,topography,Copernicus DEM GLO-30,,cached 3x3 window,30.0,2026-09-08T00:02:40+00:00,dc669ab31863253b4a9bc51322003adb7be9a815292b65b24a02fd4e4f87438c,,4.4898223876953125,ok,m,topography,Copernicus DEM GLO-30,,cached 3x3 window,30.0,2026-09-08T00:02:40+00:00,dc669ab31863253b4a9bc51322003adb7be9a815292b65b24a02fd4e4f87438c,,0.004002679605036974,ok,km2,hydrology,MERIT/Hydro/v1_0_1,v1_0_1,Earth Engine point sample,90.0,,,,0.5,ok,m,hydrology,MERIT/Hydro/v1_0_1,v1_0_1,Earth Engine point sample,90.0,,,,,no_valid_data,m,hydrodynamics,MERIT/Hydro/v1_0_1,v1_0_1,Earth Engine point sample,90.0,,,,117.30000305175781,ok,m,topography,MERIT/Hydro/v1_0_1,v1_0_1,Earth Engine point sample,90.0,,,,1.0,ok,count,hydrology,MERIT/Hydro/v1_0_1,v1_0_1,Earth Engine point sample,90.0,,,,8.0,ok,D8 code,hydrology,MERIT/Hydro/v1_0_1,v1_0_1,Earth Engine point sample,90.0,,,,1.0,ok,category,habitat_geometry,MERIT/Hydro/v1_0_1,v1_0_1,Earth Engine point sample,90.0,,,,0.001734871908729886,ok,log10(1+km2),hydrology,MERIT/Hydro/v1_0_1,v1_0_1,Earth Engine point sample,90.0,,,"{""derivation"":""log10(1 + upstream_drainage_area_km2)""}",0.06659838287653598,ok,rise/run,topography,Copernicus DEM GLO-30,,cached 3x3 window,30.0,2026-09-08T00:02:40+00:00,dc669ab31863253b4a9bc51322003adb7be9a815292b65b24a02fd4e4f87438c,"{""derivation"":""tan(local_terrain_slope_deg); not channel gradient""}"
S0097,Lake Onega,ONEG,61.75867,34.46461,freshwater,freshwater,31.5,ok,m,topography,Copernicus DEM GLO-30,,cached 3x3 window,30.0,2026-09-08T00:02:43+00:00,ead2500dd136bd6c05add4745d4a7913182a028d747eb41bce34fe84ef5df25c,,1.7339261819181766,ok,degree,topography,Copernicus DEM GLO-30,,cached 3x3 window,30.0,2026-09-08T00:02:43+00:00,ead2500dd136bd6c05add4745d4a7913182a028d747eb41bce34fe84ef5df25c,,3.4028587341308594,ok,m,topography,Copernicus DEM GLO-30,,cached 3x3 window,30.0,2026-09-08T00:02:43+00:00,ead2500dd136bd6c05add4745d4a7913182a028d747eb41bce34fe84ef5df25c,,0.020381977781653404,ok,km2,hydrology,MERIT/Hydro/v1_0_1,v1_0_1,Earth Engine point sample,90.0,,,,4.5,ok,m,hydrology,MERIT/Hydro/v1_0_1,v1_0_1,Earth Engine point sample,90.0,,,,,no_valid_data,m,hydrodynamics,MERIT/Hydro/v1_0_1,v1_0_1,Earth Engine point sample,90.0,,,,36.5,ok,m,topography,MERIT/Hydro/v1_0_1,v1_0_1,Earth Engine point sample,90.0,,,,5.0,ok,count,hydrology,MERIT/Hydro/v1_0_1,v1_0_1,Earth Engine point sample,90.0,,,,64.0,ok,D8 code,hydrology,MERIT/Hydro/v1_0_1,v1_0_1,Earth Engine point sample,90.0,,,,1.0,ok,category,habitat_geometry,MERIT/Hydro/v1_0_1,v1_0_1,Earth Engine point sample,90.0,,,,0.008762779397670235,ok,log10(1+km2),hydrology,MERIT/Hydro/v1_0_1,v1_0_1,Earth Engine point sample,90.0,,,"{""derivation"":""log10(1 + upstream_drainage_area_km2)""}",0.030271962772124263,ok,rise/run,topography,Copernicus DEM GLO-30,,cached 3x3 window,30.0,2026-09-08T00:02:43+00:00,ead2500dd136bd6c05add4745d4a7913182a028d747eb41bce34fe84ef5df25c,"{""derivation"":""tan(local_terrain_slope_deg); not channel gradient""}"
S0142,Eqakuit Farm River,EQA,60.76034,-45.54507,freshwater,freshwater,15.098705291748047,ok,m,topography,Copernicus DEM GLO-30,,cached 3x3 window,30.0,2026-09-08T00:02:46+00:00,2c5e3e0963a7fa9ffc32c0321582d1e32145ad1338242f8bc0f7c43e80bbdccb,,1.2782258501724912,ok,degree,topography,Copernicus DEM GLO-30,,cached 3x3 window,30.0,2026-09-08T00:02:46+00:00,2c5e3e0963a7fa9ffc32c0321582d1e32145ad1338242f8bc0f7c43e80bbdccb,,1.3536148071289062,ok,m,topography,Copernicus DEM GLO-30,,cached 3x3 window,30.0,2026-09-08T00:02:46+00:00,2c5e3e0963a7fa9ffc32c0321582d1e32145ad1338242f8bc0f7c43e80bbdccb,,121.93446350097656,ok,km2,hydrology,MERIT/Hydro/v1_0_1,v1_0_1,Earth Engine point sample,90.0,,,,0.0,ok,m,hydrology,MERIT/Hydro/v1_0_1,v1_0_1,Earth Engine point sample,90.0,,,,,no_valid_data,m,hydrodynamics,MERIT/Hydro/v1_0_1,v1_0_1,Earth Engine point sample,90.0,,,,15.300000190734863,ok,m,topography,MERIT/Hydro/v1_0_1,v1_0_1,Earth Engine point sample,90.0,,,,29030.0,ok,count,hydrology,MERIT/Hydro/v1_0_1,v1_0_1,Earth Engine point sample,90.0,,,,16.0,ok,D8 code,hydrology,MERIT/Hydro/v1_0_1,v1_0_1,Earth Engine point sample,90.0,,,,0.0,ok,category,habitat_geometry,MERIT/Hydro/v1_0_1,v1_0_1,Earth Engine point sample,90.0,,,,2.0896736502593933,ok,log10(1+km2),hydrology,MERIT/Hydro/v1_0_1,v1_0_1,Earth Engine point sample,90.0,,,"{""derivation"":""log10(1 + upstream_drainage_area_km2)""}",0.02231295153059552,ok,rise/run,topography,Copernicus DEM GLO-30,,cached 3x3 window,30.0,2026-09-08T00:02:46+00:00,2c5e3e0963a7fa9ffc32c0321582d1e32145ad1338242f8bc0f7c43e80bbdccb,"{""derivation"":""tan(local_terrain_slope_deg); not channel gradient""}"
S0160,Resurrection Bay,REBA,60.12519,-149.41967,marine,marine,,not_applicable,m,topography,Copernicus DEM GLO-30,,cached 3x3 window,30.0,2026-09-08T00:02:49+00:00,64a503bbefd37d09052081da7f7490936b4d62db4fa86627a7263fa431a95c79,,,not_applicable,degree,topography,Copernicus DEM GLO-30,,cached 3x3 window,30.0,2026-09-08T00:02:49+00:00,64a503bbefd37d09052081da7f7490936b4d62db4fa86627a7263fa431a95c79,,,not_applicable,m,topography,Copernicus DEM GLO-30,,cached 3x3 window,30.0,2026-09-08T00:02:49+00:00,64a503bbefd37d09052081da7f7490936b4d62db4fa86627a7263fa431a95c79,,,not_applicable,km2,hydrology,MERIT/Hydro/v1_0_1,v1_0_1,Earth Engine point sample,90.0,,,,,not_applicable,m,hydrology,MERIT/Hydro/v1_0_1,v1_0_1,Earth Engine point sample,90.0,,,,,not_applicable,m,hydrodynamics,MERIT/Hydro/v1_0_1,v1_0_1,Earth Engine point sample,90.0,,,,,not_applicable,m,topography,MERIT/Hydro/v1_0_1,v1_0_1,Earth Engine point sample,90.0,,,,,not_applicable,count,hydrology,MERIT/Hydro/v1_0_1,v1_0_1,Earth Engine point sample,90.0,,,,,not_applicable,D8 code,hydrology,MERIT/Hydro/v1_0_1,v1_0_1,Earth Engine point sample,90.0,,,,,not_applicable,category,habitat_geometry,MERIT/Hydro/v1_0_1,v1_0_1,Earth Engine point sample,90.0,,,,,not_applicable,log10(1+km2),hydrology,MERIT/Hydro/v1_0_1,v1_0_1,Earth Engine point sample,90.0,,,"{""derivation"":""log10(1 + upstream_drainage_area_km2)""}",,not_applicable,rise/run,topography,Copernicus DEM GLO-30,,cached 3x3 window,30.0,2026-09-08T00:02:49+00:00,64a503bbefd37d09052081da7f7490936b4d62db4fa86627a7263fa431a95c79,"{""derivation"":""tan(local_terrain_slope_deg); not channel gradient""}"
S0174,Hosta,HOST,57.62713,-7.490911,freshwater,freshwater,6.938156604766846,ok,m,topography,Copernicus DEM GLO-30,,cached 3x3 window,30.0,2026-09-08T00:02:52+00:00,501737023a186d1992b942384e5bbbcef5b7ad54afa95506d3eb19bb1fd97c55,,3.400293407895284,ok,degree,topography,Copernicus DEM GLO-30,,cached 3x3 window,30.0,2026-09-08T00:02:52+00:00,501737023a186d1992b942384e5bbbcef5b7ad54afa95506d3eb19bb1fd97c55,,4.315561294555664,ok,m,topography,Copernicus DEM GLO-30,,cached 3x3 window,30.0,2026-09-08T00:02:52+00:00,501737023a186d1992b942384e5bbbcef5b7ad54afa95506d3eb19bb1fd97c55,,0.009218892082571983,ok,km2,hydrology,MERIT/Hydro/v1_0_1,v1_0_1,Earth Engine point sample,90.0,,,,2.9000000953674316,ok,m,hydrology,MERIT/Hydro/v1_0_1,v1_0_1,Earth Engine point sample,90.0,,,,,no_valid_data,m,hydrodynamics,MERIT/Hydro/v1_0_1,v1_0_1,Earth Engine point sample,90.0,,,,9.100000381469727,ok,m,topography,MERIT/Hydro/v1_0_1,v1_0_1,Earth Engine point sample,90.0,,,,2.0,ok,count,hydrology,MERIT/Hydro/v1_0_1,v1_0_1,Earth Engine point sample,90.0,,,,2.0,ok,D8 code,hydrology,MERIT/Hydro/v1_0_1,v1_0_1,Earth Engine point sample,90.0,,,,0.0,ok,category,habitat_geometry,MERIT/Hydro/v1_0_1,v1_0_1,Earth Engine point sample,90.0,,,,0.003985371701282107,ok,log10(1+km2),hydrology,MERIT/Hydro/v1_0_1,v1_0_1,Earth Engine point sample,90.0,,,"{""derivation"":""log10(1 + upstream_drainage_area_km2)""}",0.05941608607655598,ok,rise/run,topography,Copernicus DEM GLO-30,,cached 3x3 window,30.0,2026-09-08T00:02:52+00:00,501737023a186d1992b942384e5bbbcef5b7ad54afa95506d3eb19bb1fd97c55,"{""derivation"":""tan(local_terrain_slope_deg); not channel gradient""}"
S0202,Lake Kursinka,KURS,56.2006,162.03882,freshwater,freshwater,5.0,ok,m,topography,Copernicus DEM GLO-30,,cached 3x3 window,30.0,2026-09-08T00:02:56+00:00,44708b4aa006a7c7e86bd6a52fe71c432028e96d4c82293484903fde4667121f,,0.0,ok,degree,topography,Copernicus DEM GLO-30,,cached 3x3 window,30.0,2026-09-08T00:02:56+00:00,44708b4aa006a7c7e86bd6a52fe71c432028e96d4c82293484903fde4667121f,,0.0,ok,m,topography,Copernicus DEM GLO-30,,cached 3x3 window,30.0,2026-09-08T00:02:56+00:00,44708b4aa006a7c7e86bd6a52fe71c432028e96d4c82293484903fde4667121f,,5.100804805755615,ok,km2,hydrology,MERIT/Hydro/v1_0_1,v1_0_1,Earth Engine point sample,90.0,,,,0.0,ok,m,hydrology,MERIT/Hydro/v1_0_1,v1_0_1,Earth Engine point sample,90.0,,,,523.244384765625,ok,m,hydrodynamics,MERIT/Hydro/v1_0_1,v1_0_1,Earth Engine point sample,90.0,,,,4.900000095367432,ok,m,topography,MERIT/Hydro/v1_0_1,v1_0_1,Earth Engine point sample,90.0,,,,1065.0,ok,count,hydrology,MERIT/Hydro/v1_0_1,v1_0_1,Earth Engine point sample,90.0,,,,32.0,ok,D8 code,hydrology,MERIT/Hydro/v1_0_1,v1_0_1,Earth Engine point sample,90.0,,,,1.0,ok,category,habitat_geometry,MERIT/Hydro/v1_0_1,v1_0_1,Earth Engine point sample,90.0,,,,0.7853871300342904,ok,log10(1+km2),hydrology,MERIT/Hydro/v1_0_1,v1_0_1,Earth Engine point sample,90.0,,,"{""derivation"":""log10(1 + upstream_drainage_area_km2)""}",0.0,ok,rise/run,topography,Copernicus DEM GLO-30,,cached 3x3 window,30.0,2026-09-08T00:02:56+00:00,44708b4aa006a7c7e86bd6a52fe71c432028e96d4c82293484903fde4667121f,"{""derivation"":""tan(local_terrain_slope_deg); not channel gradient""}"
S0205,Kibaek Molledam,KIB,56.03729,8.85673,freshwater,freshwater,37.9080696105957,ok,m,topography,Copernicus DEM GLO-30,,cached 3x3 window,30.0,2026-09-08T00:02:59+00:00,02a5af8161f155aca9ce26c10e318b3f34e4249c8e6d06c1802ad7dfd9e36954,,6.107616864541392,ok,degree,topography,Copernicus DEM GLO-30,,cached 3x3 window,30.0,2026-09-08T00:02:59+00:00,02a5af8161f155aca9ce26c10e318b3f34e4249c8e6d06c1802ad7dfd9e36954,,5.907276153564453,ok,m,topography,Copernicus DEM GLO-30,,cached 3x3 window,30.0,2026-09-08T00:02:59+00:00,02a5af8161f155aca9ce26c10e318b3f34e4249c8e6d06c1802ad7dfd9e36954,,0.024041466414928436,ok,km2,hydrology,MERIT/Hydro/v1_0_1,v1_0_1,Earth Engine point sample,90.0,,,,2.4000015258789062,ok,m,hydrology,MERIT/Hydro/v1_0_1,v1_0_1,Earth Engine point sample,90.0,,,,,no_valid_data,m,hydrodynamics,MERIT/Hydro/v1_0_1,v1_0_1,Earth Engine point sample,90.0,,,,36.20000076293945,ok,m,topography,MERIT/Hydro/v1_0_1,v1_0_1,Earth Engine point sample,90.0,,,,5.0,ok,count,hydrology,MERIT/Hydro/v1_0_1,v1_0_1,Earth Engine point sample,90.0,,,,8.0,ok,D8 code,hydrology,MERIT/Hydro/v1_0_1,v1_0_1,Earth Engine point sample,90.0,,,,0.0,ok,category,habitat_geometry,MERIT/Hydro/v1_0_1,v1_0_1,Earth Engine point sample,90.0,,,,0.010317542841542246,ok,log10(1+km2),hydrology,MERIT/Hydro/v1_0_1,v1_0_1,Earth Engine point sample,90.0,,,"{""derivation"":""log10(1 + upstream_drainage_area_km2)""}",0.10700363012942268,ok,rise/run,topography,Copernicus DEM GLO-30,,cached 3x3 window,30.0,2026-09-08T00:02:59+00:00,02a5af8161f155aca9ce26c10e318b3f34e4249c8e6d06c1802ad7dfd9e36954,"{""derivation"":""tan(local_terrain_slope_deg); not channel gradient""}"
S0212,Nevezis River,NEV,54.38339,25.21525,freshwater,freshwater,154.47702026367188,ok,m,topography,Copernicus DEM GLO-30,,cached 3x3 window,30.0,2026-09-08T00:03:02+00:00,f51f93ab30053f93655284adff3089d242577dbef2ee9f4403e4f527834d6c50,,17.562275838404595,ok,degree,topography,Copernicus DEM GLO-30,,cached 3x3 window,30.0,2026-09-08T00:03:02+00:00,f51f93ab30053f93655284adff3089d242577dbef2ee9f4403e4f527834d6c50,,20.654434204101562,ok,m,topography,Copernicus DEM GLO-30,,cached 3x3 window,30.0,2026-09-08T00:03:02+00:00,f51f93ab30053f93655284adff3089d242577dbef2ee9f4403e4f527834d6c50,,0.00501098670065403,ok,km2,hydrology,MERIT/Hydro/v1_0_1,v1_0_1,Earth Engine point sample,90.0,,,,7.399993896484375,ok,m,hydrology,MERIT/Hydro/v1_0_1,v1_0_1,Earth Engine point sample,90.0,,,,,no_valid_data,m,hydrodynamics,MERIT/Hydro/v1_0_1,v1_0_1,Earth Engine point sample,90.0,,,,156.6999969482422,ok,m,topography,MERIT/Hydro/v1_0_1,v1_0_1,Earth Engine point sample,90.0,,,,1.0,ok,count,hydrology,MERIT/Hydro/v1_0_1,v1_0_1,Earth Engine point sample,90.0,,,,8.0,ok,D8 code,hydrology,MERIT/Hydro/v1_0_1,v1_0_1,Earth Engine point sample,90.0,,,,0.0,ok,category,habitat_geometry,MERIT/Hydro/v1_0_1,v1_0_1,Earth Engine point sample,90.0,,,,0.0021708094554008526,ok,log10(1+km2),hydrology,MERIT/Hydro/v1_0_1,v1_0_1,Earth Engine point sample,90.0,,,"{""derivation"":""log10(1 + upstream_drainage_area_km2)""}",0.31649417161281374,ok,rise/run,topography,Copernicus DEM GLO-30,,cached 3x3 window,30.0,2026-09-08T00:03:02+00:00,f51f93ab30053f93655284adff3089d242577dbef2ee9f4403e4f527834d6c50,"{""derivation"":""tan(local_terrain_slope_deg); not channel gradient""}"
S0233,Karsibor,KBOR,53.92511,14.30553,marine,marine,,not_applicable,m,topography,Copernicus DEM GLO-30,,cached 3x3 window,30.0,2026-09-08T00:03:05+00:00,4adcebb7e523a1935c6217e8acc5b9fbd4a063617b8c298f484257fdd3647825,,,not_applicable,degree,topography,Copernicus DEM GLO-30,,cached 3x3 window,30.0,2026-09-08T00:03:05+00:00,4adcebb7e523a1935c6217e8acc5b9fbd4a063617b8c298f484257fdd3647825,,,not_applicable,m,topography,Copernicus DEM GLO-30,,cached 3x3 window,30.0,2026-09-08T00:03:05+00:00,4adcebb7e523a1935c6217e8acc5b9fbd4a063617b8c298f484257fdd3647825,,,not_applicable,km2,hydrology,MERIT/Hydro/v1_0_1,v1_0_1,Earth Engine point sample,90.0,,,,,not_applicable,m,hydrology,MERIT/Hydro/v1_0_1,v1_0_1,Earth Engine point sample,90.0,,,,,not_applicable,m,hydrodynamics,MERIT/Hydro/v1_0_1,v1_0_1,Earth Engine point sample,90.0,,,,,not_applicable,m,topography,MERIT/Hydro/v1_0_1,v1_0_1,Earth Engine point sample,90.0,,,,,not_applicable,count,hydrology,MERIT/Hydro/v1_0_1,v1_0_1,Earth Engine point sample,90.0,,,,,not_applicable,D8 code,hydrology,MERIT/Hydro/v1_0_1,v1_0_1,Earth Engine point sample,90.0,,,,,not_applicable,category,habitat_geometry,MERIT/Hydro/v1_0_1,v1_0_1,Earth Engine point sample,90.0,,,,,not_applicable,log10(1+km2),hydrology,MERIT/Hydro/v1_0_1,v1_0_1,Earth Engine point sample,90.0,,,"{""derivation"":""log10(1 + upstream_drainage_area_km2)""}",,not_applicable,rise/run,topography,Copernicus DEM GLO-30,,cached 3x3 window,30.0,2026-09-08T00:03:05+00:00,4adcebb7e523a1935c6217e8acc5b9fbd4a063617b8c298f484257fdd3647825,"{""derivation"":""tan(local_terrain_slope_deg); not channel gradient""}"
S0255,Marie Lake,MARIL,53.49779,-132.31938,freshwater,freshwater,78.5,ok,m,topography,Copernicus DEM GLO-30,,cached 3x3 window,30.0,2026-09-08T00:03:08+00:00,823d14200b3a94014ecd7408a52113db90bb6f9af8bbae54aff341eb40b32123,,9.447080339601323,ok,degree,topography,Copernicus DEM GLO-30,,cached 3x3 window,30.0,2026-09-08T00:03:08+00:00,823d14200b3a94014ecd7408a52113db90bb6f9af8bbae54aff341eb40b32123,,15.721183776855469,ok,m,topography,Copernicus DEM GLO-30,,cached 3x3 window,30.0,2026-09-08T00:03:08+00:00,823d14200b3a94014ecd7408a52113db90bb6f9af8bbae54aff341eb40b32123,,0.010235428810119629,ok,km2,hydrology,MERIT/Hydro/v1_0_1,v1_0_1,Earth Engine point sample,90.0,,,,8.299995422363281,ok,m,hydrology,MERIT/Hydro/v1_0_1,v1_0_1,Earth Engine point sample,90.0,,,,,no_valid_data,m,hydrodynamics,MERIT/Hydro/v1_0_1,v1_0_1,Earth Engine point sample,90.0,,,,84.5999984741211,ok,m,topography,MERIT/Hydro/v1_0_1,v1_0_1,Earth Engine point sample,90.0,,,,2.0,ok,count,hydrology,MERIT/Hydro/v1_0_1,v1_0_1,Earth Engine point sample,90.0,,,,4.0,ok,D8 code,hydrology,MERIT/Hydro/v1_0_1,v1_0_1,Earth Engine point sample,90.0,,,,1.0,ok,category,habitat_geometry,MERIT/Hydro/v1_0_1,v1_0_1,Earth Engine point sample,90.0,,,,0.004422595087962491,ok,log10(1+km2),hydrology,MERIT/Hydro/v1_0_1,v1_0_1,Earth Engine point sample,90.0,,,"{""derivation"":""log10(1 + upstream_drainage_area_km2)""}",0.1663932685273181,ok,rise/run,topography,Copernicus DEM GLO-30,,cached 3x3 window,30.0,2026-09-08T00:03:08+00:00,823d14200b3a94014ecd7408a52113db90bb6f9af8bbae54aff341eb40b32123,"{""derivation"":""tan(local_terrain_slope_deg); not channel gradient""}"
S0276,Bissendorf_Germany,DES1,52.23464,8.174167,freshwater,freshwater,86.15827941894531,ok,m,topography,Copernicus DEM GLO-30,,cached 3x3 window,30.0,2026-09-08T00:03:11+00:00,ea63de09c4a990ca498c87f29d07ebfe35e9a31a19c460b01c15a33ff02208a1,,4.675366152315932,ok,degree,topography,Copernicus DEM GLO-30,,cached 3x3 window,30.0,2026-09-08T00:03:11+00:00,ea63de09c4a990ca498c87f29d07ebfe35e9a31a19c460b01c15a33ff02208a1,,5.554191589355469,ok,m,topography,Copernicus DEM GLO-30,,cached 3x3 window,30.0,2026-09-08T00:03:11+00:00,ea63de09c4a990ca498c87f29d07ebfe35e9a31a19c460b01c15a33ff02208a1,,0.06321632862091064,ok,km2,hydrology,MERIT/Hydro/v1_0_1,v1_0_1,Earth Engine point sample,90.0,,,,4.0,ok,m,hydrology,MERIT/Hydro/v1_0_1,v1_0_1,Earth Engine point sample,90.0,,,,,no_valid_data,m,hydrodynamics,MERIT/Hydro/v1_0_1,v1_0_1,Earth Engine point sample,90.0,,,,83.0999984741211,ok,m,topography,MERIT/Hydro/v1_0_1,v1_0_1,Earth Engine point sample,90.0,,,,12.0,ok,count,hydrology,MERIT/Hydro/v1_0_1,v1_0_1,Earth Engine point sample,90.0,,,,128.0,ok,D8 code,hydrology,MERIT/Hydro/v1_0_1,v1_0_1,Earth Engine point sample,90.0,,,,0.0,ok,category,habitat_geometry,MERIT/Hydro/v1_0_1,v1_0_1,Earth Engine point sample,90.0,,,,0.026621637776195584,ok,log10(1+km2),hydrology,MERIT/Hydro/v1_0_1,v1_0_1,Earth Engine point sample,90.0,,,"{""derivation"":""log10(1 + upstream_drainage_area_km2)""}",0.08178213317555065,ok,rise/run,topography,Copernicus DEM GLO-30,,cached 3x3 window,30.0,2026-09-08T00:03:11+00:00,ea63de09c4a990ca498c87f29d07ebfe35e9a31a19c460b01c15a33ff02208a1,"{""derivation"":""tan(local_terrain_slope_deg); not channel gradient""}"
S0340,Weichsel_Poland,PLS,50.05363,19.24622,freshwater,freshwater,225.5,ok,m,topography,Copernicus DEM GLO-30,,cached 3x3 window,30.0,2026-09-08T00:03:14+00:00,96afe63001162945941d7bcb81d2bece0a0b937d9c9f59bf85f09094339ba60a,,2.741839112642694,ok,degree,topography,Copernicus DEM GLO-30,,cached 3x3 window,30.0,2026-09-08T00:03:14+00:00,96afe63001162945941d7bcb81d2bece0a0b937d9c9f59bf85f09094339ba60a,,4.0764007568359375,ok,m,topography,Copernicus DEM GLO-30,,cached 3x3 window,30.0,2026-09-08T00:03:14+00:00,96afe63001162945941d7bcb81d2bece0a0b937d9c9f59bf85f09094339ba60a,,5285.5908203125,ok,km2,hydrology,MERIT/Hydro/v1_0_1,v1_0_1,Earth Engine point sample,90.0,,,,0.0,ok,m,hydrology,MERIT/Hydro/v1_0_1,v1_0_1,Earth Engine point sample,90.0,,,,52.871192932128906,ok,m,hydrodynamics,MERIT/Hydro/v1_0_1,v1_0_1,Earth Engine point sample,90.0,,,,226.10000610351562,ok,m,topography,MERIT/Hydro/v1_0_1,v1_0_1,Earth Engine point sample,90.0,,,,956877.0,ok,count,hydrology,MERIT/Hydro/v1_0_1,v1_0_1,Earth Engine point sample,90.0,,,,1.0,ok,D8 code,hydrology,MERIT/Hydro/v1_0_1,v1_0_1,Earth Engine point sample,90.0,,,,1.0,ok,category,habitat_geometry,MERIT/Hydro/v1_0_1,v1_0_1,Earth Engine point sample,90.0,,,,3.7231756975136165,ok,log10(1+km2),hydrology,MERIT/Hydro/v1_0_1,v1_0_1,Earth Engine point sample,90.0,,,"{""derivation"":""log10(1 + upstream_drainage_area_km2)""}",0.04789068248045365,ok,rise/run,topography,Copernicus DEM GLO-30,,cached 3x3 window,30.0,2026-09-08T00:03:14+00:00,96afe63001162945941d7bcb81d2bece0a0b937d9c9f59bf85f09094339ba60a,"{""derivation"":""tan(local_terrain_slope_deg); not channel gradient""}"
S0389,Kennedy Lake,KEN,49.09369,-125.60095,freshwater,freshwater,0.0,ok,m,topography,Copernicus DEM GLO-30,,cached 3x3 window,30.0,2026-09-08T00:03:17+00:00,8599c121050f702ab5ba783cedbf96cbe12c99843c484d4c86349aa8b42f3088,,0.0,ok,degree,topography,Copernicus DEM GLO-30,,cached 3x3 window,30.0,2026-09-08T00:03:17+00:00,8599c121050f702ab5ba783cedbf96cbe12c99843c484d4c86349aa8b42f3088,,0.0,ok,m,topography,Copernicus DEM GLO-30,,cached 3x3 window,30.0,2026-09-08T00:03:17+00:00,8599c121050f702ab5ba783cedbf96cbe12c99843c484d4c86349aa8b42f3088,,0.011258650571107864,ok,km2,hydrology,MERIT/Hydro/v1_0_1,v1_0_1,Earth Engine point sample,90.0,,,,0.0,ok,m,hydrology,MERIT/Hydro/v1_0_1,v1_0_1,Earth Engine point sample,90.0,,,,,no_valid_data,m,hydrodynamics,MERIT/Hydro/v1_0_1,v1_0_1,Earth Engine point sample,90.0,,,,1.899999976158142,ok,m,topography,MERIT/Hydro/v1_0_1,v1_0_1,Earth Engine point sample,90.0,,,,2.0,ok,count,hydrology,MERIT/Hydro/v1_0_1,v1_0_1,Earth Engine point sample,90.0,,,,4.0,ok,D8 code,hydrology,MERIT/Hydro/v1_0_1,v1_0_1,Earth Engine point sample,90.0,,,,1.0,ok,category,habitat_geometry,MERIT/Hydro/v1_0_1,v1_0_1,Earth Engine point sample,90.0,,,,0.00486224970485646,ok,log10(1+km2),hydrology,MERIT/Hydro/v1_0_1,v1_0_1,Earth Engine point sample,90.0,,,"{""derivation"":""log10(1 + upstream_drainage_area_km2)""}",0.0,ok,rise/run,topography,Copernicus DEM GLO-30,,cached 3x3 window,30.0,2026-09-08T00:03:17+00:00,8599c121050f702ab5ba783cedbf96cbe12c99843c484d4c86349aa8b42f3088,"{""derivation"":""tan(local_terrain_slope_deg); not channel gradient""}"
S0391,Rapid Pond,RAP,48.9985,-57.692,freshwater,freshwater,57.4859733581543,ok,m,topography,Copernicus DEM GLO-30,,cached 3x3 window,30.0,2026-09-08T00:03:27+00:00,ab6883cf2db274b2818dda0538d727d7cdb37ec850034fa92d1a9f460d6362a1,,16.63673973189809,ok,degree,topography,Copernicus DEM GLO-30,,cached 3x3 window,30.0,2026-09-08T00:03:27+00:00,ab6883cf2db274b2818dda0538d727d7cdb37ec850034fa92d1a9f460d6362a1,,19.55908966064453,ok,m,topography,Copernicus DEM GLO-30,,cached 3x3 window,30.0,2026-09-08T00:03:27+00:00,ab6883cf2db274b2818dda0538d727d7cdb37ec850034fa92d1a9f460d6362a1,,0.005640138406306505,ok,km2,hydrology,MERIT/Hydro/v1_0_1,v1_0_1,Earth Engine point sample,90.0,,,,56.400001525878906,ok,m,hydrology,MERIT/Hydro/v1_0_1,v1_0_1,Earth Engine point sample,90.0,,,,,no_valid_data,m,hydrodynamics,MERIT/Hydro/v1_0_1,v1_0_1,Earth Engine point sample,90.0,,,,68.4000015258789,ok,m,topography,MERIT/Hydro/v1_0_1,v1_0_1,Earth Engine point sample,90.0,,,,1.0,ok,count,hydrology,MERIT/Hydro/v1_0_1,v1_0_1,Earth Engine point sample,90.0,,,,128.0,ok,D8 code,hydrology,MERIT/Hydro/v1_0_1,v1_0_1,Earth Engine point sample,90.0,,,,0.0,ok,category,habitat_geometry,MERIT/Hydro/v1_0_1,v1_0_1,Earth Engine point sample,90.0,,,,0.0024425991453681894,ok,log10(1+km2),hydrology,MERIT/Hydro/v1_0_1,v1_0_1,Earth Engine point sample,90.0,,,"{""derivation"":""log10(1 + upstream_drainage_area_km2)""}",0.2988112973573131,ok,rise/run,topography,Copernicus DEM GLO-30,,cached 3x3 window,30.0,2026-09-08T00:03:27+00:00,ab6883cf2db274b2818dda0538d727d7cdb37ec850034fa92d1a9f460d6362a1,"{""derivation"":""tan(local_terrain_slope_deg); not channel gradient""}"
S0417,Kirchbierlingen,KIRCHB,48.2344,9.725,freshwater,freshwater,497.45355224609375,ok,m,topography,Copernicus DEM GLO-30,,cached 3x3 window,30.0,2026-09-08T00:03:32+00:00,3d68ec35f4ffdfe64c990d547995d9a9aa757008dd33d04d5d837f8968fd2289,,0.9446034608186678,ok,degree,topography,Copernicus DEM GLO-30,,cached 3x3 window,30.0,2026-09-08T00:03:32+00:00,3d68ec35f4ffdfe64c990d547995d9a9aa757008dd33d04d5d837f8968fd2289,,0.960968017578125,ok,m,topography,Copernicus DEM GLO-30,,cached 3x3 window,30.0,2026-09-08T00:03:32+00:00,3d68ec35f4ffdfe64c990d547995d9a9aa757008dd33d04d5d837f8968fd2289,,10.43478775024414,ok,km2,hydrology,MERIT/Hydro/v1_0_1,v1_0_1,Earth Engine point sample,90.0,,,,0.0,ok,m,hydrology,MERIT/Hydro/v1_0_1,v1_0_1,Earth Engine point sample,90.0,,,,,no_valid_data,m,hydrodynamics,MERIT/Hydro/v1_0_1,v1_0_1,Earth Engine point sample,90.0,,,,495.8999938964844,ok,m,topography,MERIT/Hydro/v1_0_1,v1_0_1,Earth Engine point sample,90.0,,,,1822.0,ok,count,hydrology,MERIT/Hydro/v1_0_1,v1_0_1,Earth Engine point sample,90.0,,,,128.0,ok,D8 code,hydrology,MERIT/Hydro/v1_0_1,v1_0_1,Earth Engine point sample,90.0,,,,0.0,ok,category,habitat_geometry,MERIT/Hydro/v1_0_1,v1_0_1,Earth Engine point sample,90.0,,,,1.0582281077487794,ok,log10(1+km2),hydrology,MERIT/Hydro/v1_0_1,v1_0_1,Earth Engine point sample,90.0,,,"{""derivation"":""log10(1 + upstream_drainage_area_km2)""}",0.0164879343658957,ok,rise/run,topography,Copernicus DEM GLO-30,,cached 3x3 window,30.0,2026-09-08T00:03:32+00:00,3d68ec35f4ffdfe64c990d547995d9a9aa757008dd33d04d5d837f8968fd2289,"{""derivation"":""tan(local_terrain_slope_deg); not channel gradient""}"
S0478,Thonex_La_Seymaz_GE,GES2,46.19677,6.19172,freshwater,freshwater,417.4245300292969,ok,m,topography,Copernicus DEM GLO-30,,cached 3x3 window,30.0,2026-09-08T00:03:36+00:00,2f9ad351a14e45ea0cbb46fcfdc8598c0855fc0ded2faf71b49a6846e3aaf2fb,,3.1714657398241504,ok,degree,topography,Copernicus DEM GLO-30,,cached 3x3 window,30.0,2026-09-08T00:03:36+00:00,2f9ad351a14e45ea0cbb46fcfdc8598c0855fc0ded2faf71b49a6846e3aaf2fb,,4.147125244140625,ok,m,topography,Copernicus DEM GLO-30,,cached 3x3 window,30.0,2026-09-08T00:03:36+00:00,2f9ad351a14e45ea0cbb46fcfdc8598c0855fc0ded2faf71b49a6846e3aaf2fb,,39.532798767089844,ok,km2,hydrology,MERIT/Hydro/v1_0_1,v1_0_1,Earth Engine point sample,90.0,,,,0.0,ok,m,hydrology,MERIT/Hydro/v1_0_1,v1_0_1,Earth Engine point sample,90.0,,,,,no_valid_data,m,hydrodynamics,MERIT/Hydro/v1_0_1,v1_0_1,Earth Engine point sample,90.0,,,,416.70001220703125,ok,m,topography,MERIT/Hydro/v1_0_1,v1_0_1,Earth Engine point sample,90.0,,,,6651.0,ok,count,hydrology,MERIT/Hydro/v1_0_1,v1_0_1,Earth Engine point sample,90.0,,,,4.0,ok,D8 code,hydrology,MERIT/Hydro/v1_0_1,v1_0_1,Earth Engine point sample,90.0,,,,0.0,ok,category,habitat_geometry,MERIT/Hydro/v1_0_1,v1_0_1,Earth Engine point sample,90.0,,,,1.6078065925681886,ok,log10(1+km2),hydrology,MERIT/Hydro/v1_0_1,v1_0_1,Earth Engine point sample,90.0,,,"{""derivation"":""log10(1 + upstream_drainage_area_km2)""}",0.05540912019658068,ok,rise/run,topography,Copernicus DEM GLO-30,,cached 3x3 window,30.0,2026-09-08T00:03:36+00:00,2f9ad351a14e45ea0cbb46fcfdc8598c0855fc0ded2faf71b49a6846e3aaf2fb,"{""derivation"":""tan(local_terrain_slope_deg); not channel gradient""}"
S0493,Goshen Lake,GOL,45.37881,-61.97801,freshwater,freshwater,73.90029907226562,ok,m,topography,Copernicus DEM GLO-30,,cached 3x3 window,30.0,2026-09-08T00:03:39+00:00,c8ff4d2c7b569ab274a9680892a6cf1421e5f7612fb944b2d9d36a20de359aee,,3.426790129787504,ok,degree,topography,Copernicus DEM GLO-30,,cached 3x3 window,30.0,2026-09-08T00:03:39+00:00,c8ff4d2c7b569ab274a9680892a6cf1421e5f7612fb944b2d9d36a20de359aee,,3.651458740234375,ok,m,topography,Copernicus DEM GLO-30,,cached 3x3 window,30.0,2026-09-08T00:03:39+00:00,c8ff4d2c7b569ab274a9680892a6cf1421e5f7612fb944b2d9d36a20de359aee,,0.0844816118478775,ok,km2,hydrology,MERIT/Hydro/v1_0_1,v1_0_1,Earth Engine point sample,90.0,,,,5.3000030517578125,ok,m,hydrology,MERIT/Hydro/v1_0_1,v1_0_1,Earth Engine point sample,90.0,,,,,no_valid_data,m,hydrodynamics,MERIT/Hydro/v1_0_1,v1_0_1,Earth Engine point sample,90.0,,,,75.9000015258789,ok,m,topography,MERIT/Hydro/v1_0_1,v1_0_1,Earth Engine point sample,90.0,,,,14.0,ok,count,hydrology,MERIT/Hydro/v1_0_1,v1_0_1,Earth Engine point sample,90.0,,,,4.0,ok,D8 code,hydrology,MERIT/Hydro/v1_0_1,v1_0_1,Earth Engine point sample,90.0,,,,0.0,ok,category,habitat_geometry,MERIT/Hydro/v1_0_1,v1_0_1,Earth Engine point sample,90.0,,,,0.03522219264278756,ok,log10(1+km2),hydrology,MERIT/Hydro/v1_0_1,v1_0_1,Earth Engine point sample,90.0,,,"{""derivation"":""log10(1 + upstream_drainage_area_km2)""}",0.059880186491598125,ok,rise/run,topography,Copernicus DEM GLO-30,,cached 3x3 window,30.0,2026-09-08T00:03:39+00:00,c8ff4d2c7b569ab274a9680892a6cf1421e5f7612fb944b2d9d36a20de359aee,"{""derivation"":""tan(local_terrain_slope_deg); not channel gradient""}"
S0498,Sukko River mid,SUF,44.8009,37.4438,freshwater,freshwater,34.54558563232422,ok,m,topography,Copernicus DEM GLO-30,,cached 3x3 window,30.0,2026-09-08T00:03:43+00:00,629fd649e921a1067d76f10cfc43dc04e17117a44c689b0def1e12ca06055e88,,5.577875757994757,ok,degree,topography,Copernicus DEM GLO-30,,cached 3x3 window,30.0,2026-09-08T00:03:43+00:00,629fd649e921a1067d76f10cfc43dc04e17117a44c689b0def1e12ca06055e88,,6.688112258911133,ok,m,topography,Copernicus DEM GLO-30,,cached 3x3 window,30.0,2026-09-08T00:03:43+00:00,629fd649e921a1067d76f10cfc43dc04e17117a44c689b0def1e12ca06055e88,,46.113853454589844,ok,km2,hydrology,MERIT/Hydro/v1_0_1,v1_0_1,Earth Engine point sample,90.0,,,,0.0,ok,m,hydrology,MERIT/Hydro/v1_0_1,v1_0_1,Earth Engine point sample,90.0,,,,,no_valid_data,m,hydrodynamics,MERIT/Hydro/v1_0_1,v1_0_1,Earth Engine point sample,90.0,,,,34.10000228881836,ok,m,topography,MERIT/Hydro/v1_0_1,v1_0_1,Earth Engine point sample,90.0,,,,7563.0,ok,count,hydrology,MERIT/Hydro/v1_0_1,v1_0_1,Earth Engine point sample,90.0,,,,16.0,ok,D8 code,hydrology,MERIT/Hydro/v1_0_1,v1_0_1,Earth Engine point sample,90.0,,,,0.0,ok,category,habitat_geometry,MERIT/Hydro/v1_0_1,v1_0_1,Earth Engine point sample,90.0,,,,1.6731486267519966,ok,log10(1+km2),hydrology,MERIT/Hydro/v1_0_1,v1_0_1,Earth Engine point sample,90.0,,,"{""derivation"":""log10(1 + upstream_drainage_area_km2)""}",0.09766101880841607,ok,rise/run,topography,Copernicus DEM GLO-30,,cached 3x3 window,30.0,2026-09-08T00:03:43+00:00,629fd649e921a1067d76f10cfc43dc04e17117a44c689b0def1e12ca06055e88,"{""derivation"":""tan(local_terrain_slope_deg); not channel gradient""}"
S0502,Beaver Creek,BEAV,44.52074,-124.07035,freshwater,freshwater,3.848822832107544,ok,m,topography,Copernicus DEM GLO-30,,cached 3x3 window,30.0,2026-09-08T00:03:46+00:00,8c23503366a9b4cca4b4377023031c28f7a526e205e7a00da35ed4cd1da4d1d4,,6.0896336685986086,ok,degree,topography,Copernicus DEM GLO-30,,cached 3x3 window,30.0,2026-09-08T00:03:46+00:00,8c23503366a9b4cca4b4377023031c28f7a526e205e7a00da35ed4cd1da4d1d4,,7.317327976226807,ok,m,topography,Copernicus DEM GLO-30,,cached 3x3 window,30.0,2026-09-08T00:03:46+00:00,8c23503366a9b4cca4b4377023031c28f7a526e205e7a00da35ed4cd1da4d1d4,,0.012249627150595188,ok,km2,hydrology,MERIT/Hydro/v1_0_1,v1_0_1,Earth Engine point sample,90.0,,,,2.8000001907348633,ok,m,hydrology,MERIT/Hydro/v1_0_1,v1_0_1,Earth Engine point sample,90.0,,,,,no_valid_data,m,hydrodynamics,MERIT/Hydro/v1_0_1,v1_0_1,Earth Engine point sample,90.0,,,,3.1000001430511475,ok,m,topography,MERIT/Hydro/v1_0_1,v1_0_1,Earth Engine point sample,90.0,,,,2.0,ok,count,hydrology,MERIT/Hydro/v1_0_1,v1_0_1,Earth Engine point sample,90.0,,,,64.0,ok,D8 code,hydrology,MERIT/Hydro/v1_0_1,v1_0_1,Earth Engine point sample,90.0,,,,0.0,ok,category,habitat_geometry,MERIT/Hydro/v1_0_1,v1_0_1,Earth Engine point sample,90.0,,,,0.005287625473576313,ok,log10(1+km2),hydrology,MERIT/Hydro/v1_0_1,v1_0_1,Earth Engine point sample,90.0,,,"{""derivation"":""log10(1 + upstream_drainage_area_km2)""}",0.10668618110580091,ok,rise/run,topography,Copernicus DEM GLO-30,,cached 3x3 window,30.0,2026-09-08T00:03:46+00:00,8c23503366a9b4cca4b4377023031c28f7a526e205e7a00da35ed4cd1da4d1d4,"{""derivation"":""tan(local_terrain_slope_deg); not channel gradient""}"
S0509,La_Sorgue_France,FRB,43.90934,5.08576,freshwater,freshwater,63.92820358276367,ok,m,topography,Copernicus DEM GLO-30,,cached 3x3 window,30.0,2026-09-08T00:03:49+00:00,f11d91fbf962cfacc489931d12d280a33159ce15fddb1fb93218ef4b1d2cef6e,,3.3896179226061944,ok,degree,topography,Copernicus DEM GLO-30,,cached 3x3 window,30.0,2026-09-08T00:03:49+00:00,f11d91fbf962cfacc489931d12d280a33159ce15fddb1fb93218ef4b1d2cef6e,,4.551849365234375,ok,m,topography,Copernicus DEM GLO-30,,cached 3x3 window,30.0,2026-09-08T00:03:49+00:00,f11d91fbf962cfacc489931d12d280a33159ce15fddb1fb93218ef4b1d2cef6e,,0.012375980615615845,ok,km2,hydrology,MERIT/Hydro/v1_0_1,v1_0_1,Earth Engine point sample,90.0,,,,0.3999977111816406,ok,m,hydrology,MERIT/Hydro/v1_0_1,v1_0_1,Earth Engine point sample,90.0,,,,,no_valid_data,m,hydrodynamics,MERIT/Hydro/v1_0_1,v1_0_1,Earth Engine point sample,90.0,,,,63.79999923706055,ok,m,topography,MERIT/Hydro/v1_0_1,v1_0_1,Earth Engine point sample,90.0,,,,2.0,ok,count,hydrology,MERIT/Hydro/v1_0_1,v1_0_1,Earth Engine point sample,90.0,,,,128.0,ok,D8 code,hydrology,MERIT/Hydro/v1_0_1,v1_0_1,Earth Engine point sample,90.0,,,,0.0,ok,category,habitat_geometry,MERIT/Hydro/v1_0_1,v1_0_1,Earth Engine point sample,90.0,,,,0.005341832644016691,ok,log10(1+km2),hydrology,MERIT/Hydro/v1_0_1,v1_0_1,Earth Engine point sample,90.0,,,"{""derivation"":""log10(1 + upstream_drainage_area_km2)""}",0.05922910800829489,ok,rise/run,topography,Copernicus DEM GLO-30,,cached 3x3 window,30.0,2026-09-08T00:03:49+00:00,f11d91fbf962cfacc489931d12d280a33159ce15fddb1fb93218ef4b1d2cef6e,"{""derivation"":""tan(local_terrain_slope_deg); not channel gradient""}"
S0514,Chimikeppu,CHI,43.64592,143.87321,freshwater,freshwater,289.913330078125,ok,m,topography,Copernicus DEM GLO-30,,cached 3x3 window,30.0,2026-09-08T00:03:53+00:00,71d11fc0211eb8e346667f0ce3a24ccbf0e0ddb35343f31a7e1fb0bd289c8d41,,4.410338725384731,ok,degree,topography,Copernicus DEM GLO-30,,cached 3x3 window,30.0,2026-09-08T00:03:53+00:00,71d11fc0211eb8e346667f0ce3a24ccbf0e0ddb35343f31a7e1fb0bd289c8d41,,5.297821044921875,ok,m,topography,Copernicus DEM GLO-30,,cached 3x3 window,30.0,2026-09-08T00:03:53+00:00,71d11fc0211eb8e346667f0ce3a24ccbf0e0ddb35343f31a7e1fb0bd289c8d41,,1.5473710298538208,ok,km2,hydrology,MERIT/Hydro/v1_0_1,v1_0_1,Earth Engine point sample,90.0,,,,0.0,ok,m,hydrology,MERIT/Hydro/v1_0_1,v1_0_1,Earth Engine point sample,90.0,,,,,no_valid_data,m,hydrodynamics,MERIT/Hydro/v1_0_1,v1_0_1,Earth Engine point sample,90.0,,,,288.70001220703125,ok,m,topography,MERIT/Hydro/v1_0_1,v1_0_1,Earth Engine point sample,90.0,,,,249.0,ok,count,hydrology,MERIT/Hydro/v1_0_1,v1_0_1,Earth Engine point sample,90.0,,,,8.0,ok,D8 code,hydrology,MERIT/Hydro/v1_0_1,v1_0_1,Earth Engine point sample,90.0,,,,1.0,ok,category,habitat_geometry,MERIT/Hydro/v1_0_1,v1_0_1,Earth Engine point sample,90.0,,,,0.4060922054593569,ok,log10(1+km2),hydrology,MERIT/Hydro/v1_0_1,v1_0_1,Earth Engine point sample,90.0,,,"{""derivation"":""log10(1 + upstream_drainage_area_km2)""}",0.07712732215605082,ok,rise/run,topography,Copernicus DEM GLO-30,,cached 3x3 window,30.0,2026-09-08T00:03:53+00:00,71d11fc0211eb8e346667f0ce3a24ccbf0e0ddb35343f31a7e1fb0bd289c8d41,"{""derivation"":""tan(local_terrain_slope_deg); not channel gradient""}"
S0519,Lake Choboshi,CHO,43.25792,145.55628,marine,marine,,not_applicable,m,topography,Copernicus DEM GLO-30,,cached 3x3 window,30.0,2026-09-08T00:03:55+00:00,3d0b525ab8b000c066439a695252dc3f6b0be664fe7e392a105b7c86b7ecad03,,,not_applicable,degree,topography,Copernicus DEM GLO-30,,cached 3x3 window,30.0,2026-09-08T00:03:55+00:00,3d0b525ab8b000c066439a695252dc3f6b0be664fe7e392a105b7c86b7ecad03,,,not_applicable,m,topography,Copernicus DEM GLO-30,,cached 3x3 window,30.0,2026-09-08T00:03:55+00:00,3d0b525ab8b000c066439a695252dc3f6b0be664fe7e392a105b7c86b7ecad03,,,not_applicable,km2,hydrology,MERIT/Hydro/v1_0_1,v1_0_1,Earth Engine point sample,90.0,,,,,not_applicable,m,hydrology,MERIT/Hydro/v1_0_1,v1_0_1,Earth Engine point sample,90.0,,,,,not_applicable,m,hydrodynamics,MERIT/Hydro/v1_0_1,v1_0_1,Earth Engine point sample,90.0,,,,,not_applicable,m,topography,MERIT/Hydro/v1_0_1,v1_0_1,Earth Engine point sample,90.0,,,,,not_applicable,count,hydrology,MERIT/Hydro/v1_0_1,v1_0_1,Earth Engine point sample,90.0,,,,,not_applicable,D8 code,hydrology,MERIT/Hydro/v1_0_1,v1_0_1,Earth Engine point sample,90.0,,,,,not_applicable,category,habitat_geometry,MERIT/Hydro/v1_0_1,v1_0_1,Earth Engine point sample,90.0,,,,,not_applicable,log10(1+km2),hydrology,MERIT/Hydro/v1_0_1,v1_0_1,Earth Engine point sample,90.0,,,"{""derivation"":""log10(1 + upstream_drainage_area_km2)""}",,not_applicable,rise/run,topography,Copernicus DEM GLO-30,,cached 3x3 window,30.0,2026-09-08T00:03:55+00:00,3d0b525ab8b000c066439a695252dc3f6b0be664fe7e392a105b7c86b7ecad03,"{""derivation"":""tan(local_terrain_slope_deg); not channel gradient""}"
S0528,Perperidere River mouth,PER,42.83847,27.88162,freshwater,freshwater,0.565110981464386,ok,m,topography,Copernicus DEM GLO-30,,cached 3x3 window,30.0,2026-09-08T00:03:59+00:00,a82db3b6f2d0200ea5b3fbd267a8b5137b27dc032f9637fa3d23d20474fd1f81,,1.6949705941899584,ok,degree,topography,Copernicus DEM GLO-30,,cached 3x3 window,30.0,2026-09-08T00:03:59+00:00,a82db3b6f2d0200ea5b3fbd267a8b5137b27dc032f9637fa3d23d20474fd1f81,,2.1492480635643005,ok,m,topography,Copernicus DEM GLO-30,,cached 3x3 window,30.0,2026-09-08T00:03:59+00:00,a82db3b6f2d0200ea5b3fbd267a8b5137b27dc032f9637fa3d23d20474fd1f81,,60.65040588378906,ok,km2,hydrology,MERIT/Hydro/v1_0_1,v1_0_1,Earth Engine point sample,90.0,,,,0.0,ok,m,hydrology,MERIT/Hydro/v1_0_1,v1_0_1,Earth Engine point sample,90.0,,,,,no_valid_data,m,hydrodynamics,MERIT/Hydro/v1_0_1,v1_0_1,Earth Engine point sample,90.0,,,,0.0,ok,m,topography,MERIT/Hydro/v1_0_1,v1_0_1,Earth Engine point sample,90.0,,,,9638.0,ok,count,hydrology,MERIT/Hydro/v1_0_1,v1_0_1,Earth Engine point sample,90.0,,,,0.0,ok,D8 code,hydrology,MERIT/Hydro/v1_0_1,v1_0_1,Earth Engine point sample,90.0,,,,0.0,ok,category,habitat_geometry,MERIT/Hydro/v1_0_1,v1_0_1,Earth Engine point sample,90.0,,,,1.7899359401776487,ok,log10(1+km2),hydrology,MERIT/Hydro/v1_0_1,v1_0_1,Earth Engine point sample,90.0,,,"{""derivation"":""log10(1 + upstream_drainage_area_km2)""}",0.029591450347936664,ok,rise/run,topography,Copernicus DEM GLO-30,,cached 3x3 window,30.0,2026-09-08T00:03:59+00:00,a82db3b6f2d0200ea5b3fbd267a8b5137b27dc032f9637fa3d23d20474fd1f81,"{""derivation"":""tan(local_terrain_slope_deg); not channel gradient""}"
S0543,Antela,ANT,42.10155,-7.72533,freshwater,freshwater,617.5581665039062,ok,m,topography,Copernicus DEM GLO-30,,cached 3x3 window,30.0,2026-09-08T00:04:02+00:00,c3e5b9832e459f9ab50084973d41838ab3d3c8fed6c1a6778db430fb3d3dc035,,2.1402813552890354,ok,degree,topography,Copernicus DEM GLO-30,,cached 3x3 window,30.0,2026-09-08T00:04:02+00:00,c3e5b9832e459f9ab50084973d41838ab3d3c8fed6c1a6778db430fb3d3dc035,,2.57275390625,ok,m,topography,Copernicus DEM GLO-30,,cached 3x3 window,30.0,2026-09-08T00:04:02+00:00,c3e5b9832e459f9ab50084973d41838ab3d3c8fed6c1a6778db430fb3d3dc035,,158.41334533691406,ok,km2,hydrology,MERIT/Hydro/v1_0_1,v1_0_1,Earth Engine point sample,90.0,,,,0.0,ok,m,hydrology,MERIT/Hydro/v1_0_1,v1_0_1,Earth Engine point sample,90.0,,,,,no_valid_data,m,hydrodynamics,MERIT/Hydro/v1_0_1,v1_0_1,Earth Engine point sample,90.0,,,,615.7000122070312,ok,m,topography,MERIT/Hydro/v1_0_1,v1_0_1,Earth Engine point sample,90.0,,,,24880.0,ok,count,hydrology,MERIT/Hydro/v1_0_1,v1_0_1,Earth Engine point sample,90.0,,,,8.0,ok,D8 code,hydrology,MERIT/Hydro/v1_0_1,v1_0_1,Earth Engine point sample,90.0,,,,0.0,ok,category,habitat_geometry,MERIT/Hydro/v1_0_1,v1_0_1,Earth Engine point sample,90.0,,,,2.2025246756772536,ok,log10(1+km2),hydrology,MERIT/Hydro/v1_0_1,v1_0_1,Earth Engine point sample,90.0,,,"{""derivation"":""log10(1 + upstream_drainage_area_km2)""}",0.037372341217837876,ok,rise/run,topography,Copernicus DEM GLO-30,,cached 3x3 window,30.0,2026-09-08T00:04:02+00:00,c3e5b9832e459f9ab50084973d41838ab3d3c8fed6c1a6778db430fb3d3dc035,"{""derivation"":""tan(local_terrain_slope_deg); not channel gradient""}"
S0558,Jacoby Creek,JACO,40.84116,-124.07663,freshwater,freshwater,1.083383321762085,ok,m,topography,Copernicus DEM GLO-30,,cached 3x3 window,30.0,2026-09-08T00:04:05+00:00,d0d95a4ed89b429337e2563e56ef3076f458ae5ec72aff6062d7c67faae39e1d,,0.5202514990892313,ok,degree,topography,Copernicus DEM GLO-30,,cached 3x3 window,30.0,2026-09-08T00:04:05+00:00,d0d95a4ed89b429337e2563e56ef3076f458ae5ec72aff6062d7c67faae39e1d,,0.6615940928459167,ok,m,topography,Copernicus DEM GLO-30,,cached 3x3 window,30.0,2026-09-08T00:04:05+00:00,d0d95a4ed89b429337e2563e56ef3076f458ae5ec72aff6062d7c67faae39e1d,,0.006494463421404362,ok,km2,hydrology,MERIT/Hydro/v1_0_1,v1_0_1,Earth Engine point sample,90.0,,,,0.8000000715255737,ok,m,hydrology,MERIT/Hydro/v1_0_1,v1_0_1,Earth Engine point sample,90.0,,,,,no_valid_data,m,hydrodynamics,MERIT/Hydro/v1_0_1,v1_0_1,Earth Engine point sample,90.0,,,,1.3000000715255737,ok,m,topography,MERIT/Hydro/v1_0_1,v1_0_1,Earth Engine point sample,90.0,,,,1.0,ok,count,hydrology,MERIT/Hydro/v1_0_1,v1_0_1,Earth Engine point sample,90.0,,,,32.0,ok,D8 code,hydrology,MERIT/Hydro/v1_0_1,v1_0_1,Earth Engine point sample,90.0,,,,0.0,ok,category,habitat_geometry,MERIT/Hydro/v1_0_1,v1_0_1,Earth Engine point sample,90.0,,,,0.0028113902409215895,ok,log10(1+km2),hydrology,MERIT/Hydro/v1_0_1,v1_0_1,Earth Engine point sample,90.0,,,"{""derivation"":""log10(1 + upstream_drainage_area_km2)""}",0.00908035115192061,ok,rise/run,topography,Copernicus DEM GLO-30,,cached 3x3 window,30.0,2026-09-08T00:04:05+00:00,d0d95a4ed89b429337e2563e56ef3076f458ae5ec72aff6062d7c67faae39e1d,"{""derivation"":""tan(local_terrain_slope_deg); not channel gradient""}"
S0565,Izvorit Stream in Tragjas,IZO,40.32427,19.50981,freshwater,freshwater,18.133394241333008,ok,m,topography,Copernicus DEM GLO-30,,cached 3x3 window,30.0,2026-09-08T00:04:08+00:00,fc445bd0d312ab70d2435bbe7e3e643006af99b5fa1d55dbe1332a00adc9f906,,2.9027149141708466,ok,degree,topography,Copernicus DEM GLO-30,,cached 3x3 window,30.0,2026-09-08T00:04:08+00:00,fc445bd0d312ab70d2435bbe7e3e643006af99b5fa1d55dbe1332a00adc9f906,,3.543292999267578,ok,m,topography,Copernicus DEM GLO-30,,cached 3x3 window,30.0,2026-09-08T00:04:08+00:00,fc445bd0d312ab70d2435bbe7e3e643006af99b5fa1d55dbe1332a00adc9f906,,0.09161216020584106,ok,km2,hydrology,MERIT/Hydro/v1_0_1,v1_0_1,Earth Engine point sample,90.0,,,,7.399999618530273,ok,m,hydrology,MERIT/Hydro/v1_0_1,v1_0_1,Earth Engine point sample,90.0,,,,,no_valid_data,m,hydrodynamics,MERIT/Hydro/v1_0_1,v1_0_1,Earth Engine point sample,90.0,,,,19.0,ok,m,topography,MERIT/Hydro/v1_0_1,v1_0_1,Earth Engine point sample,90.0,,,,14.0,ok,count,hydrology,MERIT/Hydro/v1_0_1,v1_0_1,Earth Engine point sample,90.0,,,,4.0,ok,D8 code,hydrology,MERIT/Hydro/v1_0_1,v1_0_1,Earth Engine point sample,90.0,,,,0.0,ok,category,habitat_geometry,MERIT/Hydro/v1_0_1,v1_0_1,Earth Engine point sample,90.0,,,,0.03806836492464579,ok,log10(1+km2),hydrology,MERIT/Hydro/v1_0_1,v1_0_1,Earth Engine point sample,90.0,,,"{""derivation"":""log10(1 + upstream_drainage_area_km2)""}",0.050705320546342456,ok,rise/run,topography,Copernicus DEM GLO-30,,cached 3x3 window,30.0,2026-09-08T00:04:08+00:00,fc445bd0d312ab70d2435bbe7e3e643006af99b5fa1d55dbe1332a00adc9f906,"{""derivation"":""tan(local_terrain_slope_deg); not channel gradient""}"
S0573,Gensui,GEN,39.36487,141.8973,freshwater,freshwater,5.999887943267822,ok,m,topography,Copernicus DEM GLO-30,,cached 3x3 window,30.0,2026-09-08T00:04:11+00:00,3cff9eb168da377fa5771d74eef3fac6d2d0aaf4ef488f212e4d956237ff3be2,,16.880556911427504,ok,degree,topography,Copernicus DEM GLO-30,,cached 3x3 window,30.0,2026-09-08T00:04:11+00:00,3cff9eb168da377fa5771d74eef3fac6d2d0aaf4ef488f212e4d956237ff3be2,,25.932676315307617,ok,m,topography,Copernicus DEM GLO-30,,cached 3x3 window,30.0,2026-09-08T00:04:11+00:00,3cff9eb168da377fa5771d74eef3fac6d2d0aaf4ef488f212e4d956237ff3be2,,0.22560128569602966,ok,km2,hydrology,MERIT/Hydro/v1_0_1,v1_0_1,Earth Engine point sample,90.0,,,,0.10000014305114746,ok,m,hydrology,MERIT/Hydro/v1_0_1,v1_0_1,Earth Engine point sample,90.0,,,,,no_valid_data,m,hydrodynamics,MERIT/Hydro/v1_0_1,v1_0_1,Earth Engine point sample,90.0,,,,3.4000000953674316,ok,m,topography,MERIT/Hydro/v1_0_1,v1_0_1,Earth Engine point sample,90.0,,,,34.0,ok,count,hydrology,MERIT/Hydro/v1_0_1,v1_0_1,Earth Engine point sample,90.0,,,,128.0,ok,D8 code,hydrology,MERIT/Hydro/v1_0_1,v1_0_1,Earth Engine point sample,90.0,,,,0.0,ok,category,habitat_geometry,MERIT/Hydro/v1_0_1,v1_0_1,Earth Engine point sample,90.0,,,,0.08834920787795283,ok,log10(1+km2),hydrology,MERIT/Hydro/v1_0_1,v1_0_1,Earth Engine point sample,90.0,,,"{""derivation"":""log10(1 + upstream_drainage_area_km2)""}",0.30345259773638594,ok,rise/run,topography,Copernicus DEM GLO-30,,cached 3x3 window,30.0,2026-09-08T00:04:11+00:00,3cff9eb168da377fa5771d74eef3fac6d2d0aaf4ef488f212e4d956237ff3be2,"{""derivation"":""tan(local_terrain_slope_deg); not channel gradient""}"
S0584,Crissy Fields Marsh,CRFM,37.80372,-122.45375,marine,marine,,not_applicable,m,topography,Copernicus DEM GLO-30,,cached 3x3 window,30.0,2026-09-08T00:04:14+00:00,c2f567e30b7e2f154b105c92c1172a7f62c866fc4972304b6632233f539d2358,,,not_applicable,degree,topography,Copernicus DEM GLO-30,,cached 3x3 window,30.0,2026-09-08T00:04:14+00:00,c2f567e30b7e2f154b105c92c1172a7f62c866fc4972304b6632233f539d2358,,,not_applicable,m,topography,Copernicus DEM GLO-30,,cached 3x3 window,30.0,2026-09-08T00:04:14+00:00,c2f567e30b7e2f154b105c92c1172a7f62c866fc4972304b6632233f539d2358,,,not_applicable,km2,hydrology,MERIT/Hydro/v1_0_1,v1_0_1,Earth Engine point sample,90.0,,,,,not_applicable,m,hydrology,MERIT/Hydro/v1_0_1,v1_0_1,Earth Engine point sample,90.0,,,,,not_applicable,m,hydrodynamics,MERIT/Hydro/v1_0_1,v1_0_1,Earth Engine point sample,90.0,,,,,not_applicable,m,topography,MERIT/Hydro/v1_0_1,v1_0_1,Earth Engine point sample,90.0,,,,,not_applicable,count,hydrology,MERIT/Hydro/v1_0_1,v1_0_1,Earth Engine point sample,90.0,,,,,not_applicable,D8 code,hydrology,MERIT/Hydro/v1_0_1,v1_0_1,Earth Engine point sample,90.0,,,,,not_applicable,category,habitat_geometry,MERIT/Hydro/v1_0_1,v1_0_1,Earth Engine point sample,90.0,,,,,not_applicable,log10(1+km2),hydrology,MERIT/Hydro/v1_0_1,v1_0_1,Earth Engine point sample,90.0,,,"{""derivation"":""log10(1 + upstream_drainage_area_km2)""}",,not_applicable,rise/run,topography,Copernicus DEM GLO-30,,cached 3x3 window,30.0,2026-09-08T00:04:14+00:00,c2f567e30b7e2f154b105c92c1172a7f62c866fc4972304b6632233f539d2358,"{""derivation"":""tan(local_terrain_slope_deg); not channel gradient""}"
S0585,Lobos Downstream,LOBO,37.78816,-122.48398,freshwater,freshwater,18.233795166015625,ok,m,topography,Copernicus DEM GLO-30,,cached 3x3 window,30.0,2026-09-08T00:04:15+00:00,011fe84f448800ba02530452cb041e30ee01452c8764c70408dfe7ac827d0a56,,7.830077894039732,ok,degree,topography,Copernicus DEM GLO-30,,cached 3x3 window,30.0,2026-09-08T00:04:15+00:00,011fe84f448800ba02530452cb041e30ee01452c8764c70408dfe7ac827d0a56,,8.08900260925293,ok,m,topography,Copernicus DEM GLO-30,,cached 3x3 window,30.0,2026-09-08T00:04:15+00:00,011fe84f448800ba02530452cb041e30ee01452c8764c70408dfe7ac827d0a56,,0.03390408679842949,ok,km2,hydrology,MERIT/Hydro/v1_0_1,v1_0_1,Earth Engine point sample,90.0,,,,4.699999809265137,ok,m,hydrology,MERIT/Hydro/v1_0_1,v1_0_1,Earth Engine point sample,90.0,,,,,no_valid_data,m,hydrodynamics,MERIT/Hydro/v1_0_1,v1_0_1,Earth Engine point sample,90.0,,,,20.600000381469727,ok,m,topography,MERIT/Hydro/v1_0_1,v1_0_1,Earth Engine point sample,90.0,,,,5.0,ok,count,hydrology,MERIT/Hydro/v1_0_1,v1_0_1,Earth Engine point sample,90.0,,,,64.0,ok,D8 code,hydrology,MERIT/Hydro/v1_0_1,v1_0_1,Earth Engine point sample,90.0,,,,0.0,ok,category,habitat_geometry,MERIT/Hydro/v1_0_1,v1_0_1,Earth Engine point sample,90.0,,,,0.014480252001415464,ok,log10(1+km2),hydrology,MERIT/Hydro/v1_0_1,v1_0_1,Earth Engine point sample,90.0,,,"{""derivation"":""log10(1 + upstream_drainage_area_km2)""}",0.1375178079233192,ok,rise/run,topography,Copernicus DEM GLO-30,,cached 3x3 window,30.0,2026-09-08T00:04:15+00:00,011fe84f448800ba02530452cb041e30ee01452c8764c70408dfe7ac827d0a56,"{""derivation"":""tan(local_terrain_slope_deg); not channel gradient""}"
S0587,Ribeira do Torgal River,TOR,37.63778,-8.61944,freshwater,freshwater,23.7340030670166,ok,m,topography,Copernicus DEM GLO-30,,cached 3x3 window,30.0,2026-09-08T00:04:18+00:00,1c2a0761a197560c52a9f17b9ebbf7c8c3aad7b5e48e956a37dacdfcff3c1fab,,25.50559660953549,ok,degree,topography,Copernicus DEM GLO-30,,cached 3x3 window,30.0,2026-09-08T00:04:18+00:00,1c2a0761a197560c52a9f17b9ebbf7c8c3aad7b5e48e956a37dacdfcff3c1fab,,32.58632183074951,ok,m,topography,Copernicus DEM GLO-30,,cached 3x3 window,30.0,2026-09-08T00:04:18+00:00,1c2a0761a197560c52a9f17b9ebbf7c8c3aad7b5e48e956a37dacdfcff3c1fab,,0.006794294808059931,ok,km2,hydrology,MERIT/Hydro/v1_0_1,v1_0_1,Earth Engine point sample,90.0,,,,17.099998474121094,ok,m,hydrology,MERIT/Hydro/v1_0_1,v1_0_1,Earth Engine point sample,90.0,,,,,no_valid_data,m,hydrodynamics,MERIT/Hydro/v1_0_1,v1_0_1,Earth Engine point sample,90.0,,,,29.0,ok,m,topography,MERIT/Hydro/v1_0_1,v1_0_1,Earth Engine point sample,90.0,,,,1.0,ok,count,hydrology,MERIT/Hydro/v1_0_1,v1_0_1,Earth Engine point sample,90.0,,,,2.0,ok,D8 code,hydrology,MERIT/Hydro/v1_0_1,v1_0_1,Earth Engine point sample,90.0,,,,0.0,ok,category,habitat_geometry,MERIT/Hydro/v1_0_1,v1_0_1,Earth Engine point sample,90.0,,,,0.0029407458707648797,ok,log10(1+km2),hydrology,MERIT/Hydro/v1_0_1,v1_0_1,Earth Engine point sample,90.0,,,"{""derivation"":""log10(1 + upstream_drainage_area_km2)""}",0.47709544013360317,ok,rise/run,topography,Copernicus DEM GLO-30,,cached 3x3 window,30.0,2026-09-08T00:04:18+00:00,1c2a0761a197560c52a9f17b9ebbf7c8c3aad7b5e48e956a37dacdfcff3c1fab,"{""derivation"":""tan(local_terrain_slope_deg); not channel gradient""}"
S0591,Sorkun Stream,SOR,37.16406,29.5764,freshwater,freshwater,945.1571044921875,ok,m,topography,Copernicus DEM GLO-30,,cached 3x3 window,30.0,2026-09-08T00:04:21+00:00,4be933895c48cd672f4ac89faf3f7cf6f477e693140db53dcbaee9355ca3dbd5,,2.427111014976574,ok,degree,topography,Copernicus DEM GLO-30,,cached 3x3 window,30.0,2026-09-08T00:04:21+00:00,4be933895c48cd672f4ac89faf3f7cf6f477e693140db53dcbaee9355ca3dbd5,,2.4996337890625,ok,m,topography,Copernicus DEM GLO-30,,cached 3x3 window,30.0,2026-09-08T00:04:21+00:00,4be933895c48cd672f4ac89faf3f7cf6f477e693140db53dcbaee9355ca3dbd5,,0.013673529960215092,ok,km2,hydrology,MERIT/Hydro/v1_0_1,v1_0_1,Earth Engine point sample,90.0,,,,3.79998779296875,ok,m,hydrology,MERIT/Hydro/v1_0_1,v1_0_1,Earth Engine point sample,90.0,,,,,no_valid_data,m,hydrodynamics,MERIT/Hydro/v1_0_1,v1_0_1,Earth Engine point sample,90.0,,,,948.4000244140625,ok,m,topography,MERIT/Hydro/v1_0_1,v1_0_1,Earth Engine point sample,90.0,,,,2.0,ok,count,hydrology,MERIT/Hydro/v1_0_1,v1_0_1,Earth Engine point sample,90.0,,,,8.0,ok,D8 code,hydrology,MERIT/Hydro/v1_0_1,v1_0_1,Earth Engine point sample,90.0,,,,0.0,ok,category,habitat_geometry,MERIT/Hydro/v1_0_1,v1_0_1,Earth Engine point sample,90.0,,,,0.005898105918147829,ok,log10(1+km2),hydrology,MERIT/Hydro/v1_0_1,v1_0_1,Earth Engine point sample,90.0,,,"{""derivation"":""log10(1 + upstream_drainage_area_km2)""}",0.042386435157584536,ok,rise/run,topography,Copernicus DEM GLO-30,,cached 3x3 window,30.0,2026-09-08T00:04:21+00:00,4be933895c48cd672f4ac89faf3f7cf6f477e693140db53dcbaee9355ca3dbd5,"{""derivation"":""tan(local_terrain_slope_deg); not channel gradient""}"
S0599,Gifu,GIF,35.25527,136.56669,freshwater,freshwater,3.3834121227264404,ok,m,topography,Copernicus DEM GLO-30,,cached 3x3 window,30.0,2026-09-08T00:04:33+00:00,c09d5688c7862dd1b02e77c904fc83091a0a6d7e8237ad8d128f5641a5fdb422,,3.2761183654198187,ok,degree,topography,Copernicus DEM GLO-30,,cached 3x3 window,30.0,2026-09-08T00:04:33+00:00,c09d5688c7862dd1b02e77c904fc83091a0a6d7e8237ad8d128f5641a5fdb422,,3.662688970565796,ok,m,topography,Copernicus DEM GLO-30,,cached 3x3 window,30.0,2026-09-08T00:04:33+00:00,c09d5688c7862dd1b02e77c904fc83091a0a6d7e8237ad8d128f5641a5fdb422,,0.7423969507217407,ok,km2,hydrology,MERIT/Hydro/v1_0_1,v1_0_1,Earth Engine point sample,90.0,,,,0.0,ok,m,hydrology,MERIT/Hydro/v1_0_1,v1_0_1,Earth Engine point sample,90.0,,,,,no_valid_data,m,hydrodynamics,MERIT/Hydro/v1_0_1,v1_0_1,Earth Engine point sample,90.0,,,,6.700000286102295,ok,m,topography,MERIT/Hydro/v1_0_1,v1_0_1,Earth Engine point sample,90.0,,,,106.0,ok,count,hydrology,MERIT/Hydro/v1_0_1,v1_0_1,Earth Engine point sample,90.0,,,,128.0,ok,D8 code,hydrology,MERIT/Hydro/v1_0_1,v1_0_1,Earth Engine point sample,90.0,,,,0.0,ok,category,habitat_geometry,MERIT/Hydro/v1_0_1,v1_0_1,Earth Engine point sample,90.0,,,,0.24114710237618517,ok,log10(1+km2),hydrology,MERIT/Hydro/v1_0_1,v1_0_1,Earth Engine point sample,90.0,,,"{""derivation"":""log10(1 + upstream_drainage_area_km2)""}",0.057241448333004735,ok,rise/run,topography,Copernicus DEM GLO-30,,cached 3x3 window,30.0,2026-09-08T00:04:33+00:00,c09d5688c7862dd1b02e77c904fc83091a0a6d7e8237ad8d128f5641a5fdb422,"{""derivation"":""tan(local_terrain_slope_deg); not channel gradient""}"
