"sample_id","Population.name","population.abbreviation","Latitude","Longitude","Ecotype"
"S0001","Barents Sea pelagic","BAR","72.5801","37.0803","marine"
"S0002","Pulmankijaervi (Kevo)","PUL2","69.5856","27.5854","freshwater"
"S0003","Chukchi Sea Pelagic","CHUK","67.25318","-164.73667","marine"
"S0004","Lake Voronye","VORO","66.93985","32.3968","freshwater"
"S0005","Lake Belaya Guba","BEGU","66.91149","32.45812","freshwater"
"S0006","Lake Lower Zhabotye","LOZH","66.76159","32.8006","freshwater"
"S0007","Lake Rainy","RAIN","66.75711","32.68761","freshwater"
"S0008","Lake Upper Zhabochye ","UPZH","66.75346","32.81781","freshwater"
"S0009","Lake Tyrion Lannister","TYLA","66.72211","32.76063","freshwater"
"S0010","Saint-Hilaire Lake","SHL","66.7183","32.8553","freshwater"
"S0011","Lake Marcy","MARC","66.60238","33.25321","freshwater"
"S0012","Lake Upper Kumyazhye","UPKU","66.56601","33.29046","freshwater"
"S0013","Lake Yeremeyevskoye","YERE","66.564","33.11097","freshwater"
"S0014","Lake Lower Kumyazhye","LOKU","66.56219","33.32548","freshwater"
"S0015","Lake Lobanevskoe","LOBA","66.56172","33.22108","freshwater"
"S0016","Great Salma Strait","GSAS","66.55347","33.10461","freshwater"
"S0017","Lake Nilma","NILM","66.49139","33.09711","freshwater"
"S0018","Lake Elovoe","ELOV","66.48317","33.26028","freshwater"
"S0019","Lake Black","BLAC","66.43906","33.56608","freshwater"
"S0020","Seldianaya Inlet","WSSE","66.33808","33.62239","marine"
"S0021","Lake New Machine","NEMA","66.29856","33.34402","freshwater"
"S0022","Goreloye Lake","WSGO","66.2979","33.6271","freshwater"
"S0023","Lake Mashinnoye","MSHI","66.29589","33.36383","freshwater"
"S0024","Keret River ","KER","66.2728","33.5546","freshwater"
"S0025","Lake Maryino (Sonozero)","MARY","66.17569","34.1459","freshwater"
"S0026","Lake Canon","CANO","66.16363","34.13449","freshwater"
"S0027","Lonsos Lon","LONSOS","66.1185","-16.94761","marine"
"S0028","Unnamed5_northwest_of_Skagafjörður","ISI","66.11091","-20.09427","marine-freshwater"
"S0029","Steinatjörn","ISJ","66.10078","-20.11658","freshwater"
"S0030","Neðstavatn","ISS","66.09797","-20.12701","freshwater"
"S0031","Hópsvatn","ISU_ISUB","66.0693","-19.14021","freshwater"
"S0032","Húsavík Harbour","ISAO_marine","66.04633","-17.34651","marine"
"S0033","Höfðavatn","ISE_ISES_ISF","65.97431","-19.41246","marine-freshwater"
"S0034","Álftavatn","ISH","65.97389","-19.95157","freshwater"
"S0035","Grettislaug ","GRET ","65.88258","-19.73697","freshwater"
"S0036","Nypslon ","NYPS ","65.7719","-14.83503","marine"
"S0037","Nýpslón ","NYPS ","65.7719","-14.83503","marine"
"S0038","Sauðá","ISA","65.73879","-19.62417","freshwater"
"S0039","Austari-Héraðsvötn","ISB_ISD_ISL","65.73805","-19.41233","marine-freshwater"
"S0040","Tjörn","ISC","65.73756","-19.61436","freshwater"
"S0041","Unnamed1_lake","IST","65.69816","-20.24779","freshwater"
"S0042","Mývatn-lava","MYV (lava)","65.63329","-16.9233","freshwater"
"S0043","Sandvatn","ISAJ_ISAG_ISAH_ISAI","65.62651","-17.09032","freshwater"
"S0044","Mývatn-mud","MYV (mud)","65.62159","-16.95039","freshwater"
"S0045","Laxá","ISAN_ISAP_ISAQ","65.59088","-17.16083","freshwater"
"S0046","Grænilækur","ISAF","65.56153","-16.99987","freshwater"
"S0047","Húseyjarkvísl","ISK","65.55381","-19.43955","freshwater"
"S0048","Sigurðarstaðavatn","ISO","65.54625","-20.65541","marine"
"S0049","Kráká","ISAD_ISAE","65.53615","-17.06107","freshwater"
"S0050","Lake Verkhneye Morzhovoe","VEMO","65.53083","34.70589","freshwater"
"S0051","Vatnsdalsá/Hnausakvísl","ISX","65.50632","-20.36233","freshwater"
"S0052","Flóðið","FLOD","65.49086","-20.35989","freshwater"
"S0053","Vatnsdalsá","ISV","65.47229","-20.3372","freshwater"
"S0054","Vesturhópsvatn","ISN","65.44836","-20.64462","freshwater"
"S0055","Bæjarlækjartjörn","ISM","65.42152","-20.66551","freshwater"
"S0056","Eidarvatn ","EIDA ","65.38813","-14.35998","freshwater"
"S0057","Urriðavatn","URR2 ","65.29985","-14.45606","freshwater"
"S0058","Galtaból","GALT","65.26243","-19.74116","freshwater"
"S0059","Mjóavatn","MJOA","65.26113","-19.80061","freshwater"
"S0060","Unnamed1_ISAUmarine","ISAU_marine","65.04431","-22.45794","marine"
"S0061","Filippovskie sadki","FIL","65.0357","35.6794","freshwater"
"S0062","Hraunsfjarðarvatn","ISAS_ISAT","64.94605","-23.01145","freshwater"
"S0063","Hraunsfjörður_river","ISAR","64.91886","-23.0148","freshwater"
"S0064","Satansky Cape","WSKO_WSSA","64.89919","36.58203","marine"
"S0065","Grjotarvatn ","GRJO ","64.77678","-22.00191","freshwater"
"S0066","Hreðavatn","HRED ","64.76574","-21.5727","freshwater"
"S0067","Kazachka","KAZ","64.71699","177.50497","marine"
"S0068","Sauravatn ","SAUR ","64.66312","-22.12573","freshwater"
"S0069","Holsvatn ","HOLS ","64.51333","-22.14536","freshwater"
"S0070","Hólsvatn","HOLS ","64.51333","-22.14536","freshwater"
"S0071","Skorradalsvatn ","SKOR ","64.48263","-21.31728","freshwater"
"S0072","Laugarvatn","ISBF","64.20839","-20.69278","freshwater"
"S0073","Thingvallavatn ","THIN ","64.18656","-21.08836","freshwater"
"S0074","Þingvallavatn","THIN","64.18656","-21.08836","freshwater"
"S0075","Þingvallavatn","THIN ","64.18656","-21.08836","freshwater"
"S0076","Bakkatjorn ","BAKK","64.15536","-22.01861","freshwater"
"S0077","Brúará","ISBE","64.13422","-20.56759","freshwater"
"S0078","Apavatn","ISBG","64.11751","-20.70677","freshwater"
"S0079","Ölfusvatnsá","ISBI","64.11507","-21.13569","freshwater"
"S0080","Villingavatnsá","ISAV","64.10754","-21.09673","freshwater"
"S0081","Úlfljótsvatn","ISAX","64.09385","-21.03665","freshwater"
"S0082","Sikea (Vasterbotten)","SIK","64.0934","20.5837","marine"
"S0083","Þjórsá","ISBH_ISBB","64.08618","-20.00862","freshwater"
"S0084","Qasigiannguit","QAS","64.08018","-51.01237","freshwater"
"S0085","Vífilsstaðavatn","VIFI ","64.07937","-21.877461","freshwater"
"S0086","Vífilsstaðavatn ","VIFI ","64.07937","-21.877461","freshwater"
"S0087","Urriðavatn (hafnaförður)","URRI ","64.06817","-21.90947","freshwater"
"S0088","Sogið","ISAZ","64.05883","-20.97876","freshwater"
"S0089","Frostastaðavatn","ISBC_ISBD","64.02369","-19.04165","freshwater"
"S0090","Kleifarvatn ","KLEI ","63.92432","-21.99901","freshwater"
"S0091","Ölfusá","ISAY","63.89123","-21.30293","freshwater"
"S0092","Hraunhlada_Stokkseyri","ISBA","63.82751","-21.00711","marine"
"S0093","Christiansen Lake","CHRIS","62.3147","-150.0625","freshwater"
"S0094","Ylak","YLAK ","62.30595","-150.06454","freshwater"
"S0095","Kaskinen (Merimuseo)","KAS","62.2302","21.133","marine"
"S0096","Rabideux Creek","RABC","62.19158","-150.21986","freshwater"
"S0097","Lake Onega","ONEG","61.75867","34.46461","freshwater"
"S0098","Nancy Lake","NANCY","61.6847","-150","freshwater"
"S0099","South Rolly Lake","SORO","61.66675","-150.13686","freshwater"
"S0100","Walby ","WALBY","61.62033","-149.21347","freshwater"
"S0101","Toad ","TOAD ","61.62003","-149.69892","freshwater"
"S0102","Visnaw Lake","VISNA","61.6194","-149.6769","freshwater"
"S0103","Walby Lake","WAL","61.6194","-149.2111","freshwater"
"S0104","Seymour ","SEYM","61.61464","-149.66425","freshwater"
"S0105","Bear Paw","BEPA","61.6139","-149.7556","freshwater"
"S0106","Bruce","BRUCE","61.6111","-149.55","freshwater"
"S0107","Finger Lake","FING","61.60953","-149.2645","freshwater"
"S0108","Cottonwood Creek","COTC","61.58239","-149.39561","freshwater"
"S0109","Wasilla Lake","WASIL","61.5815","-149.4277","freshwater"
"S0110","Long Lake","LONG","61.57558","-149.77372","freshwater"
"S0111","Corcoran Lake","CORC","61.573","-149.693","freshwater"
"S0112","Lynda Lake","LYNDA","61.5708","-149.8356","freshwater"
"S0113","Lynda ","LYND ","61.5704","-149.84021","freshwater"
"S0114","Luci ","LUCI ","61.56998","-149.48146","freshwater"
"S0115","Little Meadow Creek","LIMC","61.5691","-149.7604","freshwater"
"S0116","Lucille Creek","LUCIC","61.56256","-149.60211","freshwater"
"S0117","Mud Lake Resident","MUDR","61.5625","-148.9486","freshwater"
"S0118","Mud Lake Anadromous","MUDA","61.5625","-148.9486","marine"
"S0119","Big Lake","BIG","61.5345","-149.8269","freshwater"
"S0120","Rabbit Slough","RABBI","61.534","-149.268","marine"
"S0121","Big ","BIGL ","61.53302","-149.83439","freshwater"
"S0122","Jade ","JADE ","61.52479","-149.86708","freshwater"
"S0123","Crocker Creek","CROC","61.51225","-149.62808","freshwater"
"S0124","Barley ","BARL ","61.36114","-150.08367","freshwater"
"S0125","Goose Creek","GOOSC","61.31408","-150.03025","freshwater"
"S0126","L26","L26","61.25333","-45.52914","freshwater"
"S0127","East Fjord","East.Fjord","61.24254","-45.51642","marine-freshwater"
"S0128","ERL125","ERL125","61.15686","-45.6364","freshwater"
"S0129","ERL006","ERL006","61.14604","-45.52882","freshwater"
"S0130","ERL084","ERL084","61.13811","-45.58685","freshwater"
"S0131","ERL033","ERL033","61.11837","-45.58085","freshwater"
"S0132","Coastal Lagoon","Coastal.Lagoon","61.11536","-45.63875","marine-freshwater"
"S0133","ERL067","ERL067","61.09005","-45.6539","freshwater"
"S0134","ERL137","ERL137","61.08536","-45.74824","freshwater"
"S0135","ERL138","ERL138","61.0847","-45.73247","freshwater"
"S0136","ERL001","ERL001","61.07158","-45.60447","freshwater"
"S0137","TULX11","TULX11","60.8669","-46.49325","freshwater"
"S0138","TUL8","TUL8","60.85044","-46.49379","freshwater"
"S0139","TUP19","TUP19","60.82461","-46.5022","freshwater"
"S0140","Tuttutooq","Tuttutooq","60.81938","-46.46024","marine"
"S0141","Stormy Lake","STORM","60.7708","-151.0472","freshwater"
"S0142","Eqakuit Farm River","EQA","60.76034","-45.54507","freshwater"
"S0143","Arrow ","ARRO ","60.75036","-150.48919","freshwater"
"S0144","Daniel ","DANI ","60.72466","-151.18055","freshwater"
"S0145","Wik Lake","WIK","60.71744","-151.24175","freshwater"
"S0146","Community ","COMM ","60.70242","-151.3837","freshwater"
"S0147","Duck ","DUCK ","60.68537","-151.22373","freshwater"
"S0148","Arness ","ARNE ","60.64604","-151.30204","freshwater"
"S0149","Spirit Lake","SPIR","60.60031","-151.01256","freshwater"
"S0150","Watson Lake","WATS","60.53586","-150.46186","freshwater"
"S0151","Tern ","TERN ","60.53408","-149.54711","freshwater"
"S0152","Tern Lake","TERN","60.53047","-149.5535","freshwater"
"S0153","Jean Lake","JEAN","60.506","-150.171","freshwater"
"S0154","Engineer Lake","ENG","60.47878","-150.32483","freshwater"
"S0155","Echo Lake","ECHO","60.4375","-151.1611","freshwater"
"S0156","Ruth Lake","RUTH","60.41433","-151.16428","freshwater"
"S0157","Hamina (Lepikoenranta)","HAM","60.3346","27.1133","marine"
"S0158","Kotka (Mussalo)","KOT","60.2705","26.5534","marine"
"S0159","Flotsky Cape","GFFC","60.16158","29.14959","marine"
"S0160","Resurrection Bay","REBA","60.12519","-149.41967","marine"
"S0161","Kristatelka river","KRIS","59.89486","29.83519","marine"
"S0162","Luga River","GFLU","59.64928","28.24668","marine"
"S0163","Petergofa","PET","59.5363","29.5387","marine"
"S0164","Tvaerminne (Hanko)","TVÄ","59.502","23.1215","marine"
"S0165","Nyköping (Sodermanland)","NYK","58.3904","17.0602","marine"
"S0166","Vättern (Motala)","VÄT","58.3846","14.3819","marine"
"S0167","Bering Sea Site C","BERC","58.3525","168.285","marine"
"S0168","Kallviken","KAL","58.15","11.2749","marine"
"S0169","Fiskebäckskil (Vaestra Goetaland)","FIS","58.1405","11.2406","marine"
"S0170","na Buaile","BUAI","57.64693","-7.19801","freshwater"
"S0171","Aonghais ","AONG ","57.64441","-7.2743","freshwater"
"S0172","nan Geireann ","GEIR ","57.64016","-7.29026","freshwater"
"S0173","Eisiadar ","EISI ","57.63194","-7.35404","freshwater"
"S0174","Hosta","HOST","57.62713","-7.490911","freshwater"
"S0175","Iala","IALA","57.6198","-7.20567","freshwater"
"S0176","Fada","FADA","57.61769","-7.20942","freshwater"
"S0177","Grogary","GROG","57.61667","-7.5","freshwater"
"S0178","na Reival","REIV","57.61133","-7.51468","freshwater"
"S0179","Mhic Gille-bhride ","GILL ","57.60198","-7.4098","freshwater"
"S0180","Ob nan Stearnain","OBSM","57.60134","-7.17347","marine"
"S0181","nam Feithean","FEIT","57.6","-7.5","freshwater"
"S0182","Mhic a'Roin ","AROI ","57.59467","-7.43125","freshwater"
"S0183","Chadha Ruaidh ","CHRU ","57.59406","-7.19773","freshwater"
"S0184","an Daimh ","DAIM","57.59317","-7.20924","freshwater"
"S0185","Scadavay","SCAD","57.58447","-7.23599","freshwater"
"S0186","Trosavat ","TROS ","57.5844","-7.41344","freshwater"
"S0187","Sandary","SAND","57.58431","-7.46514","freshwater"
"S0188","Ard Heisker","ARDH","57.579","-7.416","marine"
"S0189","na Moracha ","MORA ","57.57354","-7.27604","freshwater"
"S0190","a'Bharpa","BHAR","57.57086","-7.301972","freshwater"
"S0191","Tormasad ","TORM ","57.56214","-7.31683","freshwater"
"S0192","nan Strùban ","STRU ","57.55828","-7.35253","freshwater"
"S0193","Kolka","KOL","57.4553","22.3527","marine"
"S0194","Bering Sea Site B","BERB","57.25028","166.06694","marine"
"S0195","Bering","BER","57","-175","marine"
"S0196","Mariager Fjord","MAR","56.65364","9.98259","marine"
"S0197","Krobaek","KRO","56.3957","9.34788","freshwater"
"S0198","Mariager Fjord (Midtjylland)","MAR","56.3853","9.5739","marine"
"S0199","Lake Hald","HAL","56.37378","9.34642","freshwater"
"S0200","Hadsten_lake","HAD","56.32014","10.04338","freshwater"
"S0201","Azabachie Lake and Kamchatka River passage","KAAZF","56.20997","161.9837","freshwater"
"S0202","Lake Kursinka","KURS","56.2006","162.03882","freshwater"
"S0203","Irish coast","IRICOA","56.19","-8.99","marine"
"S0204","Bering Sea Site A","BERA","56.06861","167.88389","marine"
"S0205","Kibaek Molledam","KIB","56.03729","8.85673","freshwater"
"S0206","Lake Mosso","MOS","56.02854","9.79747","freshwater"
"S0207","Odder RiverM","OddM","56.00933","10.20485","marine"
"S0208","Norsminde Fjord","NOR","56.00933","10.26291","marine"
"S0209","Odder RiverU","OddU","55.9683","10.13432","freshwater"
"S0210","Copenhagen (Hovedstaden)","COP","55.425","12.3555","marine"
"S0211","Sylt","SYLT","55.02072","8.44144","marine"
"S0212","Nevezis River","NEV","54.38339","25.21525","freshwater"
"S0213","Potok Oliwski","OLI","54.235","18.0342","freshwater"
"S0214","Grus Lake","GRUS","54.11939","-131.67642","freshwater"
"S0215","Anser Lake","ANSER","54.114","-131.686","freshwater"
"S0216","Silver Lake","SILVL","54.10312","-131.68537","freshwater"
"S0217","Kumara Lake","KUMARA","54.09398","-131.67639","freshwater"
"S0218","Mica Lake","MICA","54.08334","-131.71778","freshwater"
"S0219","Lumme Lake","LUMML","54.06342","-131.74812","freshwater"
"S0220","Lumme Outlet","LUMMO","54.05584","-131.76154","freshwater"
"S0221","Red Truck Pond","REDTR","54.04759","-132.19474","marine-freshwater"
"S0222","Rouge Lake","ROUGL","54.03378","-131.87706","freshwater"
"S0223","Rouge Outlet","ROUGO","54.03249","-131.87214","freshwater"
"S0224","Harelda Outlet","HAREO","54.02997","-131.85175","freshwater"
"S0225","Serendipity Pond","SEREN","54.0277","-131.7599","freshwater"
"S0226","Harelda Lake","HAREL","54.02602","-131.84917","freshwater"
"S0227","Naked Lake","NAKED","54.02168","-131.74905","freshwater"
"S0228","Spence Outlet","SPENO","53.97472","-131.7814","freshwater"
"S0229","Solstice Lake","SOLST","53.9405","-131.93124","freshwater"
"S0230","Drizzle Outlet","DRIZO","53.93753","-132.05726","freshwater"
"S0231","Drizzle Lake","DRIZL","53.93407","-132.08176","freshwater"
"S0232","Drizzle Inlet","DRIZI","53.92856","-132.07805","freshwater"
"S0233","Karsibor","KBOR","53.92511","14.30553","marine"
"S0234","Big Fish Pond","BIGFP","53.91925","-132.02693","freshwater"
"S0235","Skonun Outlet","SKONO","53.91902","-132.03011","freshwater"
"S0236","Skonun Lake","SKONL","53.90216","-132.0345","freshwater"
"S0237","Pure Lake","PUREL","53.86976","-132.07956","freshwater"
"S0238","Boulton Lake","BOULL","53.78043","-132.09948","freshwater"
"S0239","Kumdis Lake","KUMDIS","53.76577","-132.17182","freshwater"
"S0240","Watt Lake","WATTL","53.76463","-132.07086","freshwater"
"S0241","Loon Outlet","LOONO","53.7074","-132.10155","freshwater"
"S0242","Loon  Lake","LOONL","53.69872","-132.09755","freshwater"
"S0243","Coates Lake","COATL","53.6686","-132.86453","freshwater"
"S0244","Woodpile Lake","WOODP","53.64712","-132.09833","freshwater"
"S0245","Woodpile Lake","WOODL","53.64712","-132.09784","freshwater"
"S0246","Woodpile Creek","WOODC","53.64431","-132.08231","freshwater"
"S0247","Mayer Lake","MAYEL","53.64277","-132.05672","freshwater"
"S0248","Mayer Outlet","MAYEO","53.63722","-132.03861","freshwater"
"S0249","Gold Creek","GOLDC","53.63199","-132.05363","freshwater"
"S0250","Gold Creek","GOLDC","53.63189","-132.05358","freshwater"
"S0251","Awun Lake","AWUN","53.60011","-132.56688","freshwater"
"S0252","Menyanthes Lake","MENYL","53.59907","-132.96342","freshwater"
"S0253","Tlell Estuary","TLELL","53.57156","-131.93591","marine-freshwater"
"S0254","New Years Lake","NEWY","53.56967","-132.11402","freshwater"
"S0255","Marie Lake","MARIL","53.49779","-132.31938","freshwater"
"S0256","Marie Outlet","MARIO","53.49585","-132.30968","freshwater"
"S0257","Yakoun River Backwater","YAKOUN","53.48903","-132.25126","freshwater"
"S0258","Yakoun Stream","YAKONS","53.37917","-132.27583","freshwater"
"S0259","Yakoun Lake","YAKONL","53.3533","-132.2816","freshwater"
"S0260","Stiu Lake","STIUL","53.24451","-132.58807","freshwater"
"S0261","Dawson Pond","DAWSON","53.22272","-132.48281","freshwater"
"S0262","Sheldon Lagoon","SHELD","53.14663","-131.76036","freshwater"
"S0263","Heather Outlet","HEATO","53.12147","-131.74131","freshwater"
"S0264","Skidegate Outlet","SKIDO","53.11333","-131.8175","freshwater"
"S0265","Skidegate Inlet","SKIDI","53.10834","-132.04637","freshwater"
"S0266","Skidegate Lake","SKIDL","53.10449","-131.9152","freshwater"
"S0267","Mosquito Lake","MOSQL","53.06322","-132.11324","freshwater"
"S0268","Cumshewa Lake","CUMS","53.03629","-131.63697","freshwater"
"S0269","Kultuchnoye","KUL","53.03165","158.64652","marine"
"S0270","Kultuchnoye Lake","KAKU","53.03165","158.64652","marine"
"S0271","Wegner Lake","WEGNER","52.64472","-131.63065","freshwater"
"S0272","Smith Lake ","SMITL","52.63593","-131.63442","freshwater"
"S0273","Poque Lake ","POQUL","52.60178","-131.70335","freshwater"
"S0274","Darwin Lake","DARWL","52.55362","-131.64595","freshwater"
"S0275","Dead Toad Creek","DEADT","52.55213","-131.66321","freshwater"
"S0276","Bissendorf_Germany","DES1","52.23464","8.174167","freshwater"
"S0277","Weser River","RIT","52.20878","8.30228","freshwater"
"S0278","Koeye River estuary","KOER","51.7744","-127.8778","marine"
"S0279","Wuppertal River","WUP","51.5554","7.1007","freshwater"
"S0280","Ozernaya","OZE","51.4968","156.49862","marine"
"S0281","Ozernaya River","KAOZ","51.4968","156.49862","marine"
"S0282","Borssele","BORSEL","51.39442","3.87083","marine"
"S0283","Elbe River","ELB","51.38","12.49","freshwater"
"S0284","Soren Lake","SWA","50.6737","-128.1163","freshwater"
"S0285","Soren Stream","SWAS","50.67021","-128.167411","freshwater"
"S0286","Joes Lake","JOE","50.65494","-127.46909","freshwater"
"S0287","Quatse Lake","QUAL","50.6292","-127.5633","freshwater"
"S0288","Joes Stream","JOES","50.62484","-127.51926","freshwater"
"S0289","Cluxewe Estuary","CLX","50.61197","-127.17624","marine"
"S0290","Misty Lake","MIS","50.61054","-127.26699","freshwater"
"S0291","Misty Stream","MISS","50.60248","-127.25174","freshwater"
"S0292","Beaver Stream","BEAS","50.59298","-127.35046","freshwater"
"S0293","Theimer Stream","THES","50.52739","-126.98333","freshwater"
"S0294","Roselle Lake","ROSL","50.5207","-126.9893","freshwater"
"S0295","Theimer Lake","THE","50.51945","-126.9815","freshwater"
"S0296","Sayward","SALM","50.38635","-125.95353","marine"
"S0297","Pye Outlet Stream","PYES","50.31472","-125.56413","freshwater"
"S0298","unnamed_00089SALM","unn_00089SALM","50.31308","-125.597","freshwater"
"S0299","Snow Lake","SNO","50.31272","-125.59369","freshwater"
"S0300","Lower Stella","LOS","50.30926","-125.53533","freshwater"
"S0301","Bob Lake","BOB","50.30436","-125.52759","freshwater"
"S0302","Pye Lake","PYE","50.28922","-125.602","freshwater"
"S0303","McCreight Lake","MCR","50.28509","-125.64644","freshwater"
"S0304","Tom Lake","TOML","50.2564","-124.9233","freshwater"
"S0305","Stella Lake","STE","50.25314","-125.51789","freshwater"
"S0306","Cecil Lake","CEC","50.23808","-125.54569","freshwater"
"S0307","Roberts Stream","ROBS","50.23389","-125.56785","freshwater"
"S0308","Roberts Lake","ROB","50.22764","-125.55352","freshwater"
"S0309","McNair Lake","MCNL","50.2271","-125.5757","freshwater"
"S0310","Little Mud Lake","LMU","50.20662","-125.55162","freshwater"
"S0311","Muskeg Lake","MUS","50.20176","-125.57425","freshwater"
"S0312","Cedar Lake","CED","50.20151","-125.56392","freshwater"
"S0313","Farewell Lake","FAR","50.20135","-125.58558","freshwater"
"S0314","Big Mud Lake","BMU","50.20091","-125.55537","freshwater"
"S0315","Village Bay Lake","VBL","50.18594","-125.20264","freshwater"
"S0316","Slp","SLP","50.18257","-125.524","freshwater"
"S0317","Ormond Lake","ORML","50.1803","-125.5258","freshwater"
"S0318","Ormond Lake","ORM","50.17987","-125.5244","freshwater"
"S0319","Village Bay Stream","VBLS","50.17188","-125.19774","freshwater"
"S0320","Blackwater Lake","BLWL","50.1713","-125.5908","freshwater"
"S0321","unnamed_00400SALM","unn_00400SALM","50.16177","-125.395","freshwater"
"S0322","Browns Bay Lake","BRB","50.1585","-125.41535","freshwater"
"S0323","unnamed_00403SALM","unn_00403SALM","50.15762","-125.416","freshwater"
"S0324","Amor Lake","AMO","50.15744","-125.57852","freshwater"
"S0325","Comida Lake","COM","50.14496","-125.52823","freshwater"
"S0326","unnamed_00448SALM","unn_00448SALM","50.14076","-125.54","freshwater"
"S0327","Comida Stream","COMS","50.1337","-125.52117","freshwater"
"S0328","unnamed_00508SALM","unn_00508SALM","50.12837","-125.521","freshwater"
"S0329","Morton Lake","MORL","50.1247","-125.4776","freshwater"
"S0330","Mary Lake","MARY","50.11054","-125.41831","freshwater"
"S0331","unnamed_00028CAMB","unn_00028CAMB","50.09528","-125.635","freshwater"
"S0332","Brewster Lake","BRW","50.09242","-125.57791","freshwater"
"S0333","Cranberry Lake","CRA","50.08906","-125.45446","freshwater"
"S0334","Mohun Lake","MOH","50.08789","-125.52552","freshwater"
"S0335","Higgens Lake","HIG","50.07246","-125.51012","freshwater"
"S0336","Gosling Lake","GOS","50.06819","-125.50556","freshwater"
"S0337","Merrill Lake","MERL","50.0612","-125.5614","freshwater"
"S0338","Second Lake","SECO","50.05622","-125.783","freshwater"
"S0339","First Lake","FIRST","50.0544","-125.785","freshwater"
"S0340","Weichsel_Poland","PLS","50.05363","19.24622","freshwater"
"S0341","Boot Lake","BOO","50.04985","-125.54144","freshwater"
"S0342","Gray Lake","GRAY","50.04826","-125.594","freshwater"
"S0343","Campbell River Marine","CRM","50.0478","-125.25643","marine"
"S0344","Boot Stream","BOOS","50.04394","-125.56081","freshwater"
"S0345","Whymper Lake","WHYM","50.04017","-125.597","freshwater"
"S0346","Lawson Lake","LAW","50.03622","-125.57905","freshwater"
"S0347","Lower Cambell River","LCA","50.03378","-125.476","freshwater"
"S0348","Fry Lake","FRY","50.02929","-125.57915","freshwater"
"S0349","Moulting Pond","MOP","50.02479","-57.71843","freshwater"
"S0350","unnamed_00103CAMB","unn_00103CAMB","50.00126","-125.371","freshwater"
"S0351","Mirror Lake","MIRR","49.986","-125.399","freshwater"
"S0352","Upper Campbell Lake","UCL","49.94734","-125.59799","freshwater"
"S0353","Cow Head Pond","CHP","49.90705","-57.77622","freshwater"
"S0354","Muchalat Lake","MUC","49.87356","-126.16628","freshwater"
"S0355","St. Paul's Estuary","SPE","49.86581","-57.81895","marine"
"S0356","Muchalat Stream Outlet","MUCS","49.84665","-126.1028458581","freshwater"
"S0357","Two Mile Pond (St. Paul's Water Supply)","TMP","49.83034","-57.87168","freshwater"
"S0358","North Lake","NORL","49.7483","-123.968","freshwater"
"S0359","North ","NORT ","49.74794","-123.97553","freshwater"
"S0360","Priest Lake","PRI","49.74488","-124.56597","freshwater"
"S0361","Kirk Lake","KIRL","49.7391","-124.587","freshwater"
"S0362","Ambrose Lake","AMBL","49.7332","-124.0244","freshwater"
"S0363","Klein Lake","KLEL","49.7301","-123.9686","freshwater"
"S0364","Paxton Lake","PAXT","49.70817","-124.52564","freshwater"
"S0365","Cranby Lake","CRAL","49.6961","-124.5065","freshwater"
"S0366","Litte Quarry Lake","LIQU","49.66268","-124.10939","freshwater"
"S0367","Garden Bay Lake","GABL","49.6502","-124.0161","freshwater"
"S0368","Hotel ","HOTE ","49.63874","-124.0525","freshwater"
"S0369","Oyster Lagoon","OYS","49.6136","-124.0297","marine"
"S0370","Paq Lake","PAQL","49.6135","-124.0229","freshwater"
"S0371","Lily ","LILY ","49.61223","-124.02131","freshwater"
"S0372","Narrows Pond","NAP","49.59778","-57.87722","freshwater"
"S0373","Rocky Harbour Pond","RHP","49.57124","-57.90476","freshwater"
"S0374","Deer Arm Estuary","DAE","49.55651","-57.83664","marine"
"S0375","Trout Lake","TROL","49.5084","-123.8761","freshwater"
"S0376","Bonne Bay Little Pond","BBL","49.38981","-57.70832","freshwater"
"S0377","Bowen Lake Marine","BOW","49.37737","-123.37721","marine"
"S0378","Belcara Lake Marine","BEL","49.31473","-122.92532","marine"
"S0379","Sproat ","SPRO ","49.28453","-124.97375","freshwater"
"S0380","Mike Lake","MIKL","49.2744","-122.5399","freshwater"
"S0381","High Elevation Pond","HEP","49.27153","-57.70862","freshwater"
"S0382","Errock ","ERRO ","49.22465","-122.01151","freshwater"
"S0383","Brannen ","BRAN ","49.21421","-124.04986","freshwater"
"S0384","Kanaka Creek Bridge","KANN","49.20108","-122.56589","marine"
"S0385","West Creek","WCRE","49.16208","-122.53065","marine"
"S0386","Hoggan Lake","HOGL","49.1527","-123.8282","freshwater"
"S0387","Kennedy ","KENN ","49.12659","-125.42662","freshwater"
"S0388","Kennedy Stream","KENS","49.10006","-125.60743","freshwater"
"S0389","Kennedy Lake","KEN","49.09369","-125.60095","freshwater"
"S0390","Little Campbell River","LCR","49.015","-122.7725","marine"
"S0391","Rapid Pond","RAP","48.9985","-57.692","freshwater"
"S0392","Cook's Brook Estuary","CBE","48.97385","-58.06447","marine"
"S0393","Glynn Mill Inn Pond","GMP","48.94875","-57.93982","freshwater"
"S0394","Sea of Okhotsk Site A","OHKA","48.91833","165.21722","marine"
"S0395","Frederick Stream","FRES","48.88252","-125.00159","freshwater"
"S0396","Bullocks Lake","BULL","48.8739","-123.509","freshwater"
"S0397","Bullocks ","BULL ","48.87344","-123.50611","freshwater"
"S0398","Frederick Lake","FRE","48.85772","-125.02101","freshwater"
"S0399","Pachena Lake","PACL","48.8383","-125.029","freshwater"
"S0400","Bamfield Inlet","BAM","48.83327","-125.1434","marine"
"S0401","Pachena Stream","PACS","48.82866","-125.05461","freshwater"
"S0402","Maxwell Lake","MAXL","48.8227","-123.5387","freshwater"
"S0403","Pinchgut Lake","PGL","48.81475","-58.0021","freshwater"
"S0404","Blue Pond","BLP","48.78992","-58.07832","freshwater"
"S0405","Weston Lake","WESL","48.7842","-123.4253","freshwater"
"S0406","Stowell ","STOW ","48.78198","-123.44485","freshwater"
"S0407","George's Lake","GEL","48.77733","-58.1036","freshwater"
"S0408","Black Lake","BLKL","48.7732","-125.0966","freshwater"
"S0409","Dougan ","DOUG ","48.71437","-123.61068","freshwater"
"S0410","Mt-St-Michelle_France","FRF","48.57626","-1.52065","marine"
"S0411","Steinlach_Tuebingen_Germany","TUEB","48.51937","9.05669","freshwater"
"S0412","Beaver Lake","BEA","48.51631","-123.39934","freshwater"
"S0413","Matson Lake","MATS","48.4878","-123.514","freshwater"
"S0414","Blenkinsop Lake","BLEN","48.48253","-123.36","freshwater"
"S0415","Colwood Lake","COLW","48.44173","-123.486","freshwater"
"S0416","Sooke River","SOOKE","48.38962","-123.70845","marine"
"S0417","Kirchbierlingen","KIRCHB","48.2344","9.725","freshwater"
"S0418","Port Williams","PORTW","48.1","-123.048","marine-freshwater"
"S0419","Thompson Lagoon","THOM","48.0791","-122.90455","marine-freshwater"
"S0420","Baie de l'Isle Verte","ISLVER","48.04886","-69.35575","marine"
"S0421","Lac Croche","LCRO","47.7774","-68.7935","freshwater"
"S0422","Lac á Foin","LAFO","47.7646","-68.8226","freshwater"
"S0423","UNTeruhldingen Sportsboothafen","UNT","47.72338","9.22697","freshwater"
"S0424","Bohlingen","BOHLIN","47.7219","8.8838","freshwater"
"S0425","Riedgraben in GRAsbeuren","GRA","47.71909","9.31563","freshwater"
"S0426","Iznang","IZNANG","47.7176","8.9618","freshwater"
"S0427","Lipbach in KLUftern","KLU","47.69707","9.39944","freshwater"
"S0428","Village-Neuf_Canal_De_Huningue_France","RIA1","47.60475","7.56095","freshwater"
"S0429","Gippingen_Guntenbach_AG","AGS3","47.58689","8.22866","freshwater"
"S0430","Moehlin_Moehlinbach_AG","AGS1","47.5779","7.83807","freshwater"
"S0431","Wiese_Birs_BS","BSS1","47.57639","7.61889","freshwater"
"S0432","Horgenbach_Gillgrabe_TG","TGS1","47.57602","8.82662","freshwater"
"S0433","ROManshorn","ROM","47.55607","9.38013","freshwater"
"S0434","Salmsacher Aach in NIDeraach","NID","47.54755","9.20839","freshwater"
"S0435","Dorenbach","DORENB","47.54565","7.5644","freshwater"
"S0436","Altenrhein_Seegraben_Constance.Lakeside_SG","CL","47.48561","9.54385","freshwater"
"S0437","ALTenrhein","ALT","47.48497","9.54331","freshwater"
"S0438","Landgraben in DORnbirn","DOR","47.41505","9.69331","freshwater"
"S0439","Rohr_Giessen_AG","AGS2","47.40596","8.08378","freshwater"
"S0440","Duebendorf_Chriesbach_ZH","ZHS2","47.40433","8.61056","freshwater"
"S0441","Bach in Diepoldsau","DIP","47.39361","9.65453","freshwater"
"S0442","Hohenems","HOHENE","47.35515","9.66951","freshwater"
"S0443","Oberriet_Aubach_SG","SGS1","47.32603","9.57817","freshwater"
"S0444","Aubach in OBErriet","OBE","47.31709","9.55585","freshwater"
"S0445","Ruppoldingen_Aare_SO","SOS1","47.31252","7.88602","freshwater"
"S0446","Spiersbach in RUGgell","RUG","47.25473","9.53824","freshwater"
"S0447","Altreu_Selzacherbach_SO","SOS2","47.19154","7.45223","freshwater"
"S0448","Boezingen_Leugene_BE","BES8_09","47.16569","7.30208","freshwater"
"S0449","Kraeiligen_Limpach_BE","BES9","47.15073","7.53715","freshwater"
"S0450","Wengi_Limpach_BE","WB","47.08854","7.38783","freshwater"
"S0451","Moerigen_Biel.Lakeside_BE","BEL3","47.08267","7.19978","freshwater"
"S0452","Le_Landeron_Biel.Lakeside_NE","NEL2","47.05255","7.07445","freshwater"
"S0453","Zihlkanal_BE","BES10","47.03595","7.05919","freshwater"
"S0454","Finsterhennen_Usserkanal_BE","BES7","47.01601","7.19036","freshwater"
"S0455","Gampelen_Islerekanal_BE","BES6_09","47.00647","7.07954","freshwater"
"S0456","Chraebsbach_BE","CHR","46.99191","7.41172","freshwater"
"S0457","Golaten_Oltigematt_BE","BES2","46.98288","7.25211","freshwater"
"S0458","Kerzers_FR","FRS1_09","46.97126","7.15208","freshwater"
"S0459","Wohlen_Wohlensee_BE","BEL1","46.96652","7.35242","freshwater"
"S0460","Eymatt_Gaebelbach_BE","BES3","46.96142","7.37966","freshwater"
"S0461","Eymatt_Jordeweiher_BE","BEP1","46.95711","7.38925","freshwater"
"S0462","Chehalis River","CHRM","46.79835","-123.16313","marine"
"S0463","Villeneuve_Neuchatel.Lakeside_VD","VDL3","46.79535","6.63633","freshwater"
"S0464","Yverdon-les-Bains_Le_Bey_VD","VDS1","46.79197","6.62879","freshwater"
"S0465","Yverdon-les-Bains_Le_Mujan_VD","VDS2","46.64173","6.62675","freshwater"
"S0466","Saint Sulpice","SAINTS","46.51747","6.57825","freshwater"
"S0467","St-Sulpice_Geneva.Lakeside_GE","SS","46.51747","6.57825","freshwater"
"S0468","Les-Grangettes_Geneva.Lakeside_VD","VDL6","46.39459","6.89599","freshwater"
"S0469","LeBouveret_Lakeside.B_VS","VSS4","46.38583","6.85809","freshwater"
"S0470","LeBouveret_Lakeside.A_VS","VSS2","46.38552","6.85835","freshwater"
"S0471","Grand_Fosse_VD","VDS6","46.34789","6.91068","freshwater"
"S0472","Chessel","CHESSE","46.34783","6.9104","freshwater"
"S0473","Canal_des_Chambettes_VS","VSS6","46.33702","6.89393","freshwater"
"S0474","Mies_Geneva.Lakeside_VD","VDL4","46.30508","6.18181","freshwater"
"S0475","Hermance_Geneva.Lakeside_GE","GEL3","46.29926","6.24224","freshwater"
"S0476","Sierre_VS","VSS3","46.27922","7.51548","freshwater"
"S0477","Sion_2007_VS","SI","46.21406","7.31472","freshwater"
"S0478","Thonex_La_Seymaz_GE","GES2","46.19677","6.19172","freshwater"
"S0479","La_Pleine_Allondon_GE","GES1","46.17984","6.00908","freshwater"
"S0480","Black River","BlR","46.1575","-61.275","freshwater"
"S0481","Cherry Burton","CB","46.0252","-64.10182","marine"
"S0482","Skye River","SK","45.97042","-61.1193","marine"
"S0483","Cormoz_France","FRA","45.96767","5.29433","freshwater"
"S0484","Tyndal Road","TYR","45.93551","-64.08928","freshwater"
"S0485","Blair Lake","BLL","45.80386","-64.20407","freshwater"
"S0486","Captain's Pond (South East)","CPSE","45.67189","-61.86123","marine"
"S0487","River Tillard","RT","45.65705","-60.91313","marine"
"S0488","Antigonish Landing","AL","45.63197","-61.96","marine"
"S0489","Rio Boccara (Bacchiglione basin)","BA","45.60976","11.54389","freshwater"
"S0490","Tillamook tidal gate","TILL","45.4753","-123.8915","marine"
"S0491","Porper's Pond","PP","45.43719","-61.32596","marine"
"S0492","Copper Lake","COL","45.40325","-61.9895","freshwater"
"S0493","Goshen Lake","GOL","45.37881","-61.97801","freshwater"
"S0494","Mirna","MIR","45.36351","13.85008","freshwater"
"S0495","Salmon River","SR","45.35266","-61.47283","marine"
"S0496","Valence_France","FRC","44.91436","4.8952","freshwater"
"S0497","Millport Slough","MS","44.88741","-123.99617","marine"
"S0498","Sukko River mid","SUF","44.8009","37.4438","freshwater"
"S0499","Sukko River lower","SUA","44.7864","37.3783","freshwater"
"S0500","Rainbow Haven","RH","44.65477","-63.42121","marine"
"S0501","Yaquina River","YAQU","44.5947","-123.91484","marine"
"S0502","Beaver Creek","BEAV","44.52074","-124.07035","freshwater"
"S0503","Canal Lake","CL","44.49852","-63.90344","marine"
"S0504","Canal_Lake","CL","44.4981","-63.9018","marine"
"S0505","Crooked River","CR","44.28977","-120.84558","freshwater"
"S0506","Riverbend, McKenzie River","McKR","44.07724","-123.0217","freshwater"
"S0507","South Jetty","SJ","44.00833","-123.9419","marine"
"S0508","Cushman Slough","CS","43.99528","-124.122","marine"
"S0509","La_Sorgue_France","FRB","43.90934","5.08576","freshwater"
"S0510","Crane Prairie Reservoir","CRPR","43.79463","-121.77547","freshwater"
"S0511","Paulina Lake","PAUL","43.71767","-121.27542","freshwater"
"S0512","South Twin Lake","STL","43.71231","-121.77028","freshwater"
"S0513","Pony Creek Reservoir","PCR","43.71193","-121.25713","freshwater"
"S0514","Chimikeppu","CHI","43.64592","143.87321","freshwater"
"S0515","Kussharo","KUS","43.60033","144.34811","freshwater"
"S0516","Krka","KR","43.5411","15.5825","freshwater"
"S0517","South Slough; Coos Bay","SOSL","43.2892","-124.321","marine"
"S0518","Castaños","CAS","43.27905","-2.99213","freshwater"
"S0519","Lake Choboshi","CHO","43.25792","145.55628","marine"
"S0520","Winchester Creek","WC","43.24649","-124.31741","freshwater"
"S0521","Guisande","GUI","43.24599","-7.55071","freshwater"
"S0522","Bekanbeushi","BEK","43.0997","144.88067","marine"
"S0523","Norin","NOR","43.09065","17.62137","freshwater"
"S0524","Neretva","NER","43.06065","17.69938","freshwater"
"S0525","Watarichippu","WAT","43.03673","145.05247","marine"
"S0526","Tokotan","TOK","42.99895","144.86814","marine"
"S0527","Clitunno river (Tiber basin)","CL","42.85705","12.74357","freshwater"
"S0528","Perperidere River mouth","PER","42.83847","27.88162","freshwater"
"S0529","Shikotsu","SHI","42.77501","141.4","freshwater"
"S0530","Vaya River mouth","VAY","42.75052","27.88872","freshwater"
"S0531","Nelson Island","NEI","42.74421","-70.82954","marine"
"S0532","Nishitappu","NIS","42.64552","141.47625","freshwater"
"S0533","Rio_Minho_Spain","ESB","42.60367","-7.72114","freshwater"
"S0534","Nera river (Tiber basin)","NE","42.56061","12.6245","freshwater"
"S0535","Gradina Campsite River","GRA","42.40819","27.67221","freshwater"
"S0536","Orlina (Muga drainage)","ORL","42.37858","3.02986","freshwater"
"S0537","Llobregat (Muga drainage)","LLO","42.31629","2.99233","freshwater"
"S0538","Pedret i Marzà (Muga drainage)","PED","42.30733","3.08016","freshwater"
"S0539","Virpazar River (Skadar Lake inflow)","VIR","42.24836","19.08637","freshwater"
"S0540","Skadar Lake","SKA","42.21669","19.18406","freshwater"
"S0541","Giardino creek (Pescara basin)","GI","42.17333","13.83139","freshwater"
"S0542","Vrake River (Skadar Lake basin)","VRA","42.12137","19.48397","freshwater"
"S0543","Antela","ANT","42.10155","-7.72533","freshwater"
"S0544","Abatesco_Corsica_France","COG","41.99611","9.37806","freshwater"
"S0545","Fucino Plain drainage canal","FU","41.99528","13.60611","freshwater"
"S0546","Daró","DAR","41.94268","3.00636","freshwater"
"S0547","Tiber_Italy","ITB","41.9294","12.71775","freshwater"
"S0548","Bugantó (Onyar)","BUG","41.91895","2.84156","freshwater"
"S0549","Lauro creek (Lesina Lake tributary)","LA","41.88556","15.54889","freshwater"
"S0550","Liri river ","LI","41.87748","13.45309","freshwater"
"S0551","Calonge","CAL","41.84999","3.05903","freshwater"
"S0552","Vallcanera (Tordera drainage)","VAL","41.82592","2.74554","freshwater"
"S0553","Reclà (Tordera drainage)","REC","41.78583","2.79026","freshwater"
"S0554","Posta_Fibreno_Inflow_Italy","ITG","41.70733","13.67805","freshwater"
"S0555","Posta_Fibreno_Lake_Italy","ITC_ITF_ITD","41.70208","13.68848","freshwater"
"S0556","Posta_Fibreno_Outflow_Italy","ITE","41.69861","13.67398","freshwater"
"S0557","Mad River","MADR","40.9279","-124.12823","marine-freshwater"
"S0558","Jacoby Creek","JACO","40.84116","-124.07663","freshwater"
"S0559","Aravissos-Loudias River","ARA","40.83754","22.30352","freshwater"
"S0560","Ullals de Baltasar (Ullals de l'Arispe, Delta de l'Ebre)","ULL","40.67186","0.59356","freshwater"
"S0561","Vouga","VOU","40.63563","-8.55541","freshwater"
"S0562","Aisaka","AIS","40.59192","141.22098","freshwater"
"S0563","Bursa Stream","BRS","40.48903","29.33028","freshwater"
"S0564","Peniscola","PEN","40.37703","0.40205","freshwater"
"S0565","Izvorit Stream in Tragjas  ","IZO","40.32427","19.50981","freshwater"
"S0566","Vouga Basin creek","VO","40.28042","-8.44241","freshwater"
"S0567","Rio Ancã (Mondego)","RA","40.1601","-8.3054","freshwater"
"S0568","Mondego","MON","40.06058","-8.62934","freshwater"
"S0569","Majorca","MAL_MAJ","39.79762","3.10636","freshwater"
"S0570","S'Albufera (Mallorca)","MAL_MAJ","39.7716","3.0911","freshwater"
"S0571","Leni_Sardinia_Italy","ITA","39.43506","8.75361","freshwater"
"S0572","Leni river (Flumini Mannu basin, Southern Sardinia)","SA","39.43037","8.74024","freshwater"
"S0573","Gensui","GEN","39.36487","141.8973","freshwater"
"S0574","Valencia","VAL","39.31115","-0.32053","freshwater"
"S0575","Acheron River in Kypseli","ACH","39.28204","20.54546","freshwater"
"S0576","Kampi River","KAM","39.21719","20.9029","freshwater"
"S0577","Meschochori Stream","MES","38.82608","22.44709","freshwater"
"S0578","Tagus","TAG","38.74136","-8.53905","freshwater"
"S0579","Sado","SAD","38.57987","-8.62148","freshwater"
"S0580","Putah_Creek","PC","38.54491","-121.74052","freshwater"
"S0581","Abbott's Lagoon","ABBO","38.11932","-122.95128","marine-freshwater"
"S0582","Tennessee Valley","TENV","37.8437","-122.55046","marine-freshwater"
"S0583","Rodeo Estuary","RODE","37.83152","-122.52881","marine-freshwater"
"S0584","Crissy Fields Marsh","CRFM","37.80372","-122.45375","marine"
"S0585","Lobos Downstream","LOBO","37.78816","-122.48398","freshwater"
"S0586","Mira","MIR","37.64659","-8.56847","freshwater"
"S0587","Ribeira do Torgal River","TOR","37.63778","-8.61944","freshwater"
"S0588","Milos River at Lerni spring","MIL","37.55294","22.71745","freshwater"
"S0589","AizuHakusan_AgaRiver","AIZ","37.51101","139.86628","freshwater"
"S0590","Pamissos Ag. Floros River","PAM","37.16905","22.0248","freshwater"
"S0591","Sorkun Stream","SOR","37.16406","29.5764","freshwater"
"S0592","Mugla River","MUG","36.83492","28.7954","freshwater"
"S0593","Strawberry Pond, Elkhorn Slough","STRA","36.82974","-121.73263","marine-freshwater"
"S0594","Nasu","NAS","36.82091","140.00834","freshwater"
"S0595","Kinugawa","KIN","36.66843","139.94947","freshwater"
"S0596","Carmel River Lagoon","CARM","36.53744","-121.9273","marine-freshwater"
"S0597","Ono","ONO","35.97528","136.49159","freshwater"
"S0598","Shiga","SHI","35.32766","136.3454","freshwater"
"S0599","Gifu","GIF","35.25527","136.56669","freshwater"
