sample_id,latitude,longitude,osm_query_date,query_radius_m,query_source,query_parameters,candidate_count,selected_osm_type,selected_osm_id,selected_osm_tags,water_feature_class,match_method,match_distance_m,manual_review,failure_diagnostics
S0001,72.5801,37.0803,2026-09-07T22:10:38.393393+00:00,1000.0,failed,"{""lat"": 72.5801, ""lon"": 37.0803, ""radius_m"": 1000.0}",0,,,,,unavailable,,False,"""HTTPError: 406 Client Error: Not Acceptable for url: https://overpass-api.de/api/interpreter?data=%5Bout%3Ajson%5D%3B%28way%28around%3A1000.0%2C72.5801%2C37.0803%29%5Bnatural%3Dwater%5D%3Bway%28around%3A1000.0%2C72.5801%2C37.0803%29%5Bwaterway%5D%3Bway%28around%3A1000.0%2C72.5801%2C37.0803%29%5Blanduse%3Dreservoir%5D%3B%29%3Bout+geom+tags%3B"""
S0002,69.5856,27.5854,2026-09-07T22:10:38.393393+00:00,1000.0,failed,"{""lat"": 69.5856, ""lon"": 27.5854, ""radius_m"": 1000.0}",0,,,,,unavailable,,False,"""HTTPError: 406 Client Error: Not Acceptable for url: https://overpass-api.de/api/interpreter?data=%5Bout%3Ajson%5D%3B%28way%28around%3A1000.0%2C69.5856%2C27.5854%29%5Bnatural%3Dwater%5D%3Bway%28around%3A1000.0%2C69.5856%2C27.5854%29%5Bwaterway%5D%3Bway%28around%3A1000.0%2C69.5856%2C27.5854%29%5Blanduse%3Dreservoir%5D%3B%29%3Bout+geom+tags%3B"""
S0028,66.11091,-20.09427,2026-09-07T22:10:38.393393+00:00,1000.0,failed,"{""lat"": 66.11091, ""lon"": -20.09427, ""radius_m"": 1000.0}",0,,,,,unavailable,,False,"""HTTPError: 406 Client Error: Not Acceptable for url: https://overpass-api.de/api/interpreter?data=%5Bout%3Ajson%5D%3B%28way%28around%3A1000.0%2C66.11091%2C-20.09427%29%5Bnatural%3Dwater%5D%3Bway%28around%3A1000.0%2C66.11091%2C-20.09427%29%5Bwaterway%5D%3Bway%28around%3A1000.0%2C66.11091%2C-20.09427%29%5Blanduse%3Dreservoir%5D%3B%29%3Bout+geom+tags%3B"""
S0031,66.0693,-19.14021,2026-09-07T22:10:38.393393+00:00,1000.0,failed,"{""lat"": 66.0693, ""lon"": -19.14021, ""radius_m"": 1000.0}",0,,,,,unavailable,,False,"""HTTPError: 406 Client Error: Not Acceptable for url: https://overpass-api.de/api/interpreter?data=%5Bout%3Ajson%5D%3B%28way%28around%3A1000.0%2C66.0693%2C-19.14021%29%5Bnatural%3Dwater%5D%3Bway%28around%3A1000.0%2C66.0693%2C-19.14021%29%5Bwaterway%5D%3Bway%28around%3A1000.0%2C66.0693%2C-19.14021%29%5Blanduse%3Dreservoir%5D%3B%29%3Bout+geom+tags%3B"""
S0050,65.53083,34.70589,2026-09-07T22:10:38.393393+00:00,1000.0,failed,"{""lat"": 65.53083, ""lon"": 34.70589, ""radius_m"": 1000.0}",0,,,,,unavailable,,False,"""HTTPError: 406 Client Error: Not Acceptable for url: https://overpass-api.de/api/interpreter?data=%5Bout%3Ajson%5D%3B%28way%28around%3A1000.0%2C65.53083%2C34.70589%29%5Bnatural%3Dwater%5D%3Bway%28around%3A1000.0%2C65.53083%2C34.70589%29%5Bwaterway%5D%3Bway%28around%3A1000.0%2C65.53083%2C34.70589%29%5Blanduse%3Dreservoir%5D%3B%29%3Bout+geom+tags%3B"""
S0067,64.71699,177.50497,2026-09-07T22:10:38.393393+00:00,1000.0,failed,"{""lat"": 64.71699, ""lon"": 177.50497, ""radius_m"": 1000.0}",0,,,,,unavailable,,False,"""HTTPError: 406 Client Error: Not Acceptable for url: https://overpass-api.de/api/interpreter?data=%5Bout%3Ajson%5D%3B%28way%28around%3A1000.0%2C64.71699%2C177.50497%29%5Bnatural%3Dwater%5D%3Bway%28around%3A1000.0%2C64.71699%2C177.50497%29%5Bwaterway%5D%3Bway%28around%3A1000.0%2C64.71699%2C177.50497%29%5Blanduse%3Dreservoir%5D%3B%29%3Bout+geom+tags%3B"""
S0084,64.08018,-51.01237,2026-09-07T22:10:38.393393+00:00,1000.0,failed,"{""lat"": 64.08018, ""lon"": -51.01237, ""radius_m"": 1000.0}",0,,,,,unavailable,,False,"""HTTPError: 406 Client Error: Not Acceptable for url: https://overpass-api.de/api/interpreter?data=%5Bout%3Ajson%5D%3B%28way%28around%3A1000.0%2C64.08018%2C-51.01237%29%5Bnatural%3Dwater%5D%3Bway%28around%3A1000.0%2C64.08018%2C-51.01237%29%5Bwaterway%5D%3Bway%28around%3A1000.0%2C64.08018%2C-51.01237%29%5Blanduse%3Dreservoir%5D%3B%29%3Bout+geom+tags%3B"""
S0091,63.89123,-21.30293,2026-09-07T22:10:38.393393+00:00,1000.0,failed,"{""lat"": 63.89123, ""lon"": -21.30293, ""radius_m"": 1000.0}",0,,,,,unavailable,,False,"""HTTPError: 406 Client Error: Not Acceptable for url: https://overpass-api.de/api/interpreter?data=%5Bout%3Ajson%5D%3B%28way%28around%3A1000.0%2C63.89123%2C-21.30293%29%5Bnatural%3Dwater%5D%3Bway%28around%3A1000.0%2C63.89123%2C-21.30293%29%5Bwaterway%5D%3Bway%28around%3A1000.0%2C63.89123%2C-21.30293%29%5Blanduse%3Dreservoir%5D%3B%29%3Bout+geom+tags%3B"""
S0093,62.3147,-150.0625,2026-09-07T22:10:38.393393+00:00,1000.0,failed,"{""lat"": 62.3147, ""lon"": -150.0625, ""radius_m"": 1000.0}",0,,,,,unavailable,,False,"""HTTPError: 406 Client Error: Not Acceptable for url: https://overpass-api.de/api/interpreter?data=%5Bout%3Ajson%5D%3B%28way%28around%3A1000.0%2C62.3147%2C-150.0625%29%5Bnatural%3Dwater%5D%3Bway%28around%3A1000.0%2C62.3147%2C-150.0625%29%5Bwaterway%5D%3Bway%28around%3A1000.0%2C62.3147%2C-150.0625%29%5Blanduse%3Dreservoir%5D%3B%29%3Bout+geom+tags%3B"""
S0097,61.75867,34.46461,2026-09-07T22:10:38.393393+00:00,1000.0,failed,"{""lat"": 61.75867, ""lon"": 34.46461, ""radius_m"": 1000.0}",0,,,,,unavailable,,False,"""HTTPError: 406 Client Error: Not Acceptable for url: https://overpass-api.de/api/interpreter?data=%5Bout%3Ajson%5D%3B%28way%28around%3A1000.0%2C61.75867%2C34.46461%29%5Bnatural%3Dwater%5D%3Bway%28around%3A1000.0%2C61.75867%2C34.46461%29%5Bwaterway%5D%3Bway%28around%3A1000.0%2C61.75867%2C34.46461%29%5Blanduse%3Dreservoir%5D%3B%29%3Bout+geom+tags%3B"""
S0142,60.76034,-45.54507,2026-09-07T22:10:38.393393+00:00,1000.0,failed,"{""lat"": 60.76034, ""lon"": -45.54507, ""radius_m"": 1000.0}",0,,,,,unavailable,,False,"""HTTPError: 406 Client Error: Not Acceptable for url: https://overpass-api.de/api/interpreter?data=%5Bout%3Ajson%5D%3B%28way%28around%3A1000.0%2C60.76034%2C-45.54507%29%5Bnatural%3Dwater%5D%3Bway%28around%3A1000.0%2C60.76034%2C-45.54507%29%5Bwaterway%5D%3Bway%28around%3A1000.0%2C60.76034%2C-45.54507%29%5Blanduse%3Dreservoir%5D%3B%29%3Bout+geom+tags%3B"""
S0160,60.12519,-149.41967,2026-09-07T22:10:38.393393+00:00,1000.0,failed,"{""lat"": 60.12519, ""lon"": -149.41967, ""radius_m"": 1000.0}",0,,,,,unavailable,,False,"""HTTPError: 406 Client Error: Not Acceptable for url: https://overpass-api.de/api/interpreter?data=%5Bout%3Ajson%5D%3B%28way%28around%3A1000.0%2C60.12519%2C-149.41967%29%5Bnatural%3Dwater%5D%3Bway%28around%3A1000.0%2C60.12519%2C-149.41967%29%5Bwaterway%5D%3Bway%28around%3A1000.0%2C60.12519%2C-149.41967%29%5Blanduse%3Dreservoir%5D%3B%29%3Bout+geom+tags%3B"""
S0174,57.62713,-7.490911,2026-09-07T22:10:38.393393+00:00,1000.0,failed,"{""lat"": 57.62713, ""lon"": -7.490911, ""radius_m"": 1000.0}",0,,,,,unavailable,,False,"""HTTPError: 406 Client Error: Not Acceptable for url: https://overpass-api.de/api/interpreter?data=%5Bout%3Ajson%5D%3B%28way%28around%3A1000.0%2C57.62713%2C-7.490911%29%5Bnatural%3Dwater%5D%3Bway%28around%3A1000.0%2C57.62713%2C-7.490911%29%5Bwaterway%5D%3Bway%28around%3A1000.0%2C57.62713%2C-7.490911%29%5Blanduse%3Dreservoir%5D%3B%29%3Bout+geom+tags%3B"""
S0202,56.2006,162.03882,2026-09-07T22:10:38.393393+00:00,1000.0,failed,"{""lat"": 56.2006, ""lon"": 162.03882, ""radius_m"": 1000.0}",0,,,,,unavailable,,False,"""HTTPError: 406 Client Error: Not Acceptable for url: https://overpass-api.de/api/interpreter?data=%5Bout%3Ajson%5D%3B%28way%28around%3A1000.0%2C56.2006%2C162.03882%29%5Bnatural%3Dwater%5D%3Bway%28around%3A1000.0%2C56.2006%2C162.03882%29%5Bwaterway%5D%3Bway%28around%3A1000.0%2C56.2006%2C162.03882%29%5Blanduse%3Dreservoir%5D%3B%29%3Bout+geom+tags%3B"""
S0205,56.03729,8.85673,2026-09-07T22:10:38.393393+00:00,1000.0,failed,"{""lat"": 56.03729, ""lon"": 8.85673, ""radius_m"": 1000.0}",0,,,,,unavailable,,False,"""HTTPError: 406 Client Error: Not Acceptable for url: https://overpass-api.de/api/interpreter?data=%5Bout%3Ajson%5D%3B%28way%28around%3A1000.0%2C56.03729%2C8.85673%29%5Bnatural%3Dwater%5D%3Bway%28around%3A1000.0%2C56.03729%2C8.85673%29%5Bwaterway%5D%3Bway%28around%3A1000.0%2C56.03729%2C8.85673%29%5Blanduse%3Dreservoir%5D%3B%29%3Bout+geom+tags%3B"""
S0212,54.38339,25.21525,2026-09-07T22:10:38.393393+00:00,1000.0,failed,"{""lat"": 54.38339, ""lon"": 25.21525, ""radius_m"": 1000.0}",0,,,,,unavailable,,False,"""HTTPError: 406 Client Error: Not Acceptable for url: https://overpass-api.de/api/interpreter?data=%5Bout%3Ajson%5D%3B%28way%28around%3A1000.0%2C54.38339%2C25.21525%29%5Bnatural%3Dwater%5D%3Bway%28around%3A1000.0%2C54.38339%2C25.21525%29%5Bwaterway%5D%3Bway%28around%3A1000.0%2C54.38339%2C25.21525%29%5Blanduse%3Dreservoir%5D%3B%29%3Bout+geom+tags%3B"""
S0233,53.92511,14.30553,2026-09-07T22:10:38.393393+00:00,1000.0,failed,"{""lat"": 53.92511, ""lon"": 14.30553, ""radius_m"": 1000.0}",0,,,,,unavailable,,False,"""HTTPError: 406 Client Error: Not Acceptable for url: https://overpass-api.de/api/interpreter?data=%5Bout%3Ajson%5D%3B%28way%28around%3A1000.0%2C53.92511%2C14.30553%29%5Bnatural%3Dwater%5D%3Bway%28around%3A1000.0%2C53.92511%2C14.30553%29%5Bwaterway%5D%3Bway%28around%3A1000.0%2C53.92511%2C14.30553%29%5Blanduse%3Dreservoir%5D%3B%29%3Bout+geom+tags%3B"""
S0255,53.49779,-132.31938,2026-09-07T22:10:38.393393+00:00,1000.0,failed,"{""lat"": 53.49779, ""lon"": -132.31938, ""radius_m"": 1000.0}",0,,,,,unavailable,,False,"""HTTPError: 406 Client Error: Not Acceptable for url: https://overpass-api.de/api/interpreter?data=%5Bout%3Ajson%5D%3B%28way%28around%3A1000.0%2C53.49779%2C-132.31938%29%5Bnatural%3Dwater%5D%3Bway%28around%3A1000.0%2C53.49779%2C-132.31938%29%5Bwaterway%5D%3Bway%28around%3A1000.0%2C53.49779%2C-132.31938%29%5Blanduse%3Dreservoir%5D%3B%29%3Bout+geom+tags%3B"""
S0276,52.23464,8.174167,2026-09-07T22:10:38.393393+00:00,1000.0,failed,"{""lat"": 52.23464, ""lon"": 8.174167, ""radius_m"": 1000.0}",0,,,,,unavailable,,False,"""HTTPError: 406 Client Error: Not Acceptable for url: https://overpass-api.de/api/interpreter?data=%5Bout%3Ajson%5D%3B%28way%28around%3A1000.0%2C52.23464%2C8.174167%29%5Bnatural%3Dwater%5D%3Bway%28around%3A1000.0%2C52.23464%2C8.174167%29%5Bwaterway%5D%3Bway%28around%3A1000.0%2C52.23464%2C8.174167%29%5Blanduse%3Dreservoir%5D%3B%29%3Bout+geom+tags%3B"""
S0340,50.05363,19.24622,2026-09-07T22:10:38.393393+00:00,1000.0,failed,"{""lat"": 50.05363, ""lon"": 19.24622, ""radius_m"": 1000.0}",0,,,,,unavailable,,False,"""HTTPError: 406 Client Error: Not Acceptable for url: https://overpass-api.de/api/interpreter?data=%5Bout%3Ajson%5D%3B%28way%28around%3A1000.0%2C50.05363%2C19.24622%29%5Bnatural%3Dwater%5D%3Bway%28around%3A1000.0%2C50.05363%2C19.24622%29%5Bwaterway%5D%3Bway%28around%3A1000.0%2C50.05363%2C19.24622%29%5Blanduse%3Dreservoir%5D%3B%29%3Bout+geom+tags%3B"""
S0389,49.09369,-125.60095,2026-09-07T22:10:38.393393+00:00,1000.0,failed,"{""lat"": 49.09369, ""lon"": -125.60095, ""radius_m"": 1000.0}",0,,,,,unavailable,,False,"""HTTPError: 406 Client Error: Not Acceptable for url: https://overpass-api.de/api/interpreter?data=%5Bout%3Ajson%5D%3B%28way%28around%3A1000.0%2C49.09369%2C-125.60095%29%5Bnatural%3Dwater%5D%3Bway%28around%3A1000.0%2C49.09369%2C-125.60095%29%5Bwaterway%5D%3Bway%28around%3A1000.0%2C49.09369%2C-125.60095%29%5Blanduse%3Dreservoir%5D%3B%29%3Bout+geom+tags%3B"""
S0391,48.9985,-57.692,2026-09-07T22:10:38.393393+00:00,1000.0,failed,"{""lat"": 48.9985, ""lon"": -57.692, ""radius_m"": 1000.0}",0,,,,,unavailable,,False,"""HTTPError: 406 Client Error: Not Acceptable for url: https://overpass-api.de/api/interpreter?data=%5Bout%3Ajson%5D%3B%28way%28around%3A1000.0%2C48.9985%2C-57.692%29%5Bnatural%3Dwater%5D%3Bway%28around%3A1000.0%2C48.9985%2C-57.692%29%5Bwaterway%5D%3Bway%28around%3A1000.0%2C48.9985%2C-57.692%29%5Blanduse%3Dreservoir%5D%3B%29%3Bout+geom+tags%3B"""
S0417,48.2344,9.725,2026-09-07T22:10:38.393393+00:00,1000.0,failed,"{""lat"": 48.2344, ""lon"": 9.725, ""radius_m"": 1000.0}",0,,,,,unavailable,,False,"""HTTPError: 406 Client Error: Not Acceptable for url: https://overpass-api.de/api/interpreter?data=%5Bout%3Ajson%5D%3B%28way%28around%3A1000.0%2C48.2344%2C9.725%29%5Bnatural%3Dwater%5D%3Bway%28around%3A1000.0%2C48.2344%2C9.725%29%5Bwaterway%5D%3Bway%28around%3A1000.0%2C48.2344%2C9.725%29%5Blanduse%3Dreservoir%5D%3B%29%3Bout+geom+tags%3B"""
S0478,46.19677,6.19172,2026-09-07T22:10:38.393393+00:00,1000.0,failed,"{""lat"": 46.19677, ""lon"": 6.19172, ""radius_m"": 1000.0}",0,,,,,unavailable,,False,"""HTTPError: 406 Client Error: Not Acceptable for url: https://overpass-api.de/api/interpreter?data=%5Bout%3Ajson%5D%3B%28way%28around%3A1000.0%2C46.19677%2C6.19172%29%5Bnatural%3Dwater%5D%3Bway%28around%3A1000.0%2C46.19677%2C6.19172%29%5Bwaterway%5D%3Bway%28around%3A1000.0%2C46.19677%2C6.19172%29%5Blanduse%3Dreservoir%5D%3B%29%3Bout+geom+tags%3B"""
S0493,45.37881,-61.97801,2026-09-07T22:10:38.393393+00:00,1000.0,failed,"{""lat"": 45.37881, ""lon"": -61.97801, ""radius_m"": 1000.0}",0,,,,,unavailable,,False,"""HTTPError: 406 Client Error: Not Acceptable for url: https://overpass-api.de/api/interpreter?data=%5Bout%3Ajson%5D%3B%28way%28around%3A1000.0%2C45.37881%2C-61.97801%29%5Bnatural%3Dwater%5D%3Bway%28around%3A1000.0%2C45.37881%2C-61.97801%29%5Bwaterway%5D%3Bway%28around%3A1000.0%2C45.37881%2C-61.97801%29%5Blanduse%3Dreservoir%5D%3B%29%3Bout+geom+tags%3B"""
S0498,44.8009,37.4438,2026-09-07T22:10:38.393393+00:00,1000.0,failed,"{""lat"": 44.8009, ""lon"": 37.4438, ""radius_m"": 1000.0}",0,,,,,unavailable,,False,"""HTTPError: 406 Client Error: Not Acceptable for url: https://overpass-api.de/api/interpreter?data=%5Bout%3Ajson%5D%3B%28way%28around%3A1000.0%2C44.8009%2C37.4438%29%5Bnatural%3Dwater%5D%3Bway%28around%3A1000.0%2C44.8009%2C37.4438%29%5Bwaterway%5D%3Bway%28around%3A1000.0%2C44.8009%2C37.4438%29%5Blanduse%3Dreservoir%5D%3B%29%3Bout+geom+tags%3B"""
S0502,44.52074,-124.07035,2026-09-07T22:10:38.393393+00:00,1000.0,failed,"{""lat"": 44.52074, ""lon"": -124.07035, ""radius_m"": 1000.0}",0,,,,,unavailable,,False,"""HTTPError: 406 Client Error: Not Acceptable for url: https://overpass-api.de/api/interpreter?data=%5Bout%3Ajson%5D%3B%28way%28around%3A1000.0%2C44.52074%2C-124.07035%29%5Bnatural%3Dwater%5D%3Bway%28around%3A1000.0%2C44.52074%2C-124.07035%29%5Bwaterway%5D%3Bway%28around%3A1000.0%2C44.52074%2C-124.07035%29%5Blanduse%3Dreservoir%5D%3B%29%3Bout+geom+tags%3B"""
S0509,43.90934,5.08576,2026-09-07T22:10:38.393393+00:00,1000.0,failed,"{""lat"": 43.90934, ""lon"": 5.08576, ""radius_m"": 1000.0}",0,,,,,unavailable,,False,"""HTTPError: 406 Client Error: Not Acceptable for url: https://overpass-api.de/api/interpreter?data=%5Bout%3Ajson%5D%3B%28way%28around%3A1000.0%2C43.90934%2C5.08576%29%5Bnatural%3Dwater%5D%3Bway%28around%3A1000.0%2C43.90934%2C5.08576%29%5Bwaterway%5D%3Bway%28around%3A1000.0%2C43.90934%2C5.08576%29%5Blanduse%3Dreservoir%5D%3B%29%3Bout+geom+tags%3B"""
S0514,43.64592,143.87321,2026-09-07T22:10:38.393393+00:00,1000.0,failed,"{""lat"": 43.64592, ""lon"": 143.87321, ""radius_m"": 1000.0}",0,,,,,unavailable,,False,"""HTTPError: 406 Client Error: Not Acceptable for url: https://overpass-api.de/api/interpreter?data=%5Bout%3Ajson%5D%3B%28way%28around%3A1000.0%2C43.64592%2C143.87321%29%5Bnatural%3Dwater%5D%3Bway%28around%3A1000.0%2C43.64592%2C143.87321%29%5Bwaterway%5D%3Bway%28around%3A1000.0%2C43.64592%2C143.87321%29%5Blanduse%3Dreservoir%5D%3B%29%3Bout+geom+tags%3B"""
S0519,43.25792,145.55628,2026-09-07T22:10:38.393393+00:00,1000.0,failed,"{""lat"": 43.25792, ""lon"": 145.55628, ""radius_m"": 1000.0}",0,,,,,unavailable,,False,"""HTTPError: 406 Client Error: Not Acceptable for url: https://overpass-api.de/api/interpreter?data=%5Bout%3Ajson%5D%3B%28way%28around%3A1000.0%2C43.25792%2C145.55628%29%5Bnatural%3Dwater%5D%3Bway%28around%3A1000.0%2C43.25792%2C145.55628%29%5Bwaterway%5D%3Bway%28around%3A1000.0%2C43.25792%2C145.55628%29%5Blanduse%3Dreservoir%5D%3B%29%3Bout+geom+tags%3B"""
S0528,42.83847,27.88162,2026-09-07T22:10:38.393393+00:00,1000.0,failed,"{""lat"": 42.83847, ""lon"": 27.88162, ""radius_m"": 1000.0}",0,,,,,unavailable,,False,"""HTTPError: 406 Client Error: Not Acceptable for url: https://overpass-api.de/api/interpreter?data=%5Bout%3Ajson%5D%3B%28way%28around%3A1000.0%2C42.83847%2C27.88162%29%5Bnatural%3Dwater%5D%3Bway%28around%3A1000.0%2C42.83847%2C27.88162%29%5Bwaterway%5D%3Bway%28around%3A1000.0%2C42.83847%2C27.88162%29%5Blanduse%3Dreservoir%5D%3B%29%3Bout+geom+tags%3B"""
S0543,42.10155,-7.72533,2026-09-07T22:10:38.393393+00:00,1000.0,failed,"{""lat"": 42.10155, ""lon"": -7.72533, ""radius_m"": 1000.0}",0,,,,,unavailable,,False,"""HTTPError: 406 Client Error: Not Acceptable for url: https://overpass-api.de/api/interpreter?data=%5Bout%3Ajson%5D%3B%28way%28around%3A1000.0%2C42.10155%2C-7.72533%29%5Bnatural%3Dwater%5D%3Bway%28around%3A1000.0%2C42.10155%2C-7.72533%29%5Bwaterway%5D%3Bway%28around%3A1000.0%2C42.10155%2C-7.72533%29%5Blanduse%3Dreservoir%5D%3B%29%3Bout+geom+tags%3B"""
S0558,40.84116,-124.07663,2026-09-07T22:10:38.393393+00:00,1000.0,failed,"{""lat"": 40.84116, ""lon"": -124.07663, ""radius_m"": 1000.0}",0,,,,,unavailable,,False,"""HTTPError: 406 Client Error: Not Acceptable for url: https://overpass-api.de/api/interpreter?data=%5Bout%3Ajson%5D%3B%28way%28around%3A1000.0%2C40.84116%2C-124.07663%29%5Bnatural%3Dwater%5D%3Bway%28around%3A1000.0%2C40.84116%2C-124.07663%29%5Bwaterway%5D%3Bway%28around%3A1000.0%2C40.84116%2C-124.07663%29%5Blanduse%3Dreservoir%5D%3B%29%3Bout+geom+tags%3B"""
S0565,40.32427,19.50981,2026-09-07T22:10:38.393393+00:00,1000.0,failed,"{""lat"": 40.32427, ""lon"": 19.50981, ""radius_m"": 1000.0}",0,,,,,unavailable,,False,"""HTTPError: 406 Client Error: Not Acceptable for url: https://overpass-api.de/api/interpreter?data=%5Bout%3Ajson%5D%3B%28way%28around%3A1000.0%2C40.32427%2C19.50981%29%5Bnatural%3Dwater%5D%3Bway%28around%3A1000.0%2C40.32427%2C19.50981%29%5Bwaterway%5D%3Bway%28around%3A1000.0%2C40.32427%2C19.50981%29%5Blanduse%3Dreservoir%5D%3B%29%3Bout+geom+tags%3B"""
S0573,39.36487,141.8973,2026-09-07T22:10:38.393393+00:00,1000.0,failed,"{""lat"": 39.36487, ""lon"": 141.8973, ""radius_m"": 1000.0}",0,,,,,unavailable,,False,"""HTTPError: 406 Client Error: Not Acceptable for url: https://overpass-api.de/api/interpreter?data=%5Bout%3Ajson%5D%3B%28way%28around%3A1000.0%2C39.36487%2C141.8973%29%5Bnatural%3Dwater%5D%3Bway%28around%3A1000.0%2C39.36487%2C141.8973%29%5Bwaterway%5D%3Bway%28around%3A1000.0%2C39.36487%2C141.8973%29%5Blanduse%3Dreservoir%5D%3B%29%3Bout+geom+tags%3B"""
S0584,37.80372,-122.45375,2026-09-07T22:10:38.393393+00:00,1000.0,failed,"{""lat"": 37.80372, ""lon"": -122.45375, ""radius_m"": 1000.0}",0,,,,,unavailable,,False,"""HTTPError: 406 Client Error: Not Acceptable for url: https://overpass-api.de/api/interpreter?data=%5Bout%3Ajson%5D%3B%28way%28around%3A1000.0%2C37.80372%2C-122.45375%29%5Bnatural%3Dwater%5D%3Bway%28around%3A1000.0%2C37.80372%2C-122.45375%29%5Bwaterway%5D%3Bway%28around%3A1000.0%2C37.80372%2C-122.45375%29%5Blanduse%3Dreservoir%5D%3B%29%3Bout+geom+tags%3B"""
S0585,37.78816,-122.48398,2026-09-07T22:10:38.393393+00:00,1000.0,failed,"{""lat"": 37.78816, ""lon"": -122.48398, ""radius_m"": 1000.0}",0,,,,,unavailable,,False,"""HTTPError: 406 Client Error: Not Acceptable for url: https://overpass-api.de/api/interpreter?data=%5Bout%3Ajson%5D%3B%28way%28around%3A1000.0%2C37.78816%2C-122.48398%29%5Bnatural%3Dwater%5D%3Bway%28around%3A1000.0%2C37.78816%2C-122.48398%29%5Bwaterway%5D%3Bway%28around%3A1000.0%2C37.78816%2C-122.48398%29%5Blanduse%3Dreservoir%5D%3B%29%3Bout+geom+tags%3B"""
S0587,37.63778,-8.61944,2026-09-07T22:10:38.393393+00:00,1000.0,failed,"{""lat"": 37.63778, ""lon"": -8.61944, ""radius_m"": 1000.0}",0,,,,,unavailable,,False,"""HTTPError: 406 Client Error: Not Acceptable for url: https://overpass-api.de/api/interpreter?data=%5Bout%3Ajson%5D%3B%28way%28around%3A1000.0%2C37.63778%2C-8.61944%29%5Bnatural%3Dwater%5D%3Bway%28around%3A1000.0%2C37.63778%2C-8.61944%29%5Bwaterway%5D%3Bway%28around%3A1000.0%2C37.63778%2C-8.61944%29%5Blanduse%3Dreservoir%5D%3B%29%3Bout+geom+tags%3B"""
S0591,37.16406,29.5764,2026-09-07T22:10:38.393393+00:00,1000.0,cache,"{""lat"": 37.16406, ""lon"": 29.5764, ""radius_m"": 1000.0}",1,way,257053971,"{""source"": ""bing"", ""waterway"": ""stream""}",stream,nearest_feature,988.369,False,"{""candidate_count"": 1, ""tied_osm_ids"": []}"
S0599,35.25527,136.56669,2026-09-07T22:10:38.393393+00:00,1000.0,failed,"{""lat"": 35.25527, ""lon"": 136.56669, ""radius_m"": 1000.0}",0,,,,,unavailable,,False,"""HTTPError: 406 Client Error: Not Acceptable for url: https://overpass-api.de/api/interpreter?data=%5Bout%3Ajson%5D%3B%28way%28around%3A1000.0%2C35.25527%2C136.56669%29%5Bnatural%3Dwater%5D%3Bway%28around%3A1000.0%2C35.25527%2C136.56669%29%5Bwaterway%5D%3Bway%28around%3A1000.0%2C35.25527%2C136.56669%29%5Blanduse%3Dreservoir%5D%3B%29%3Bout+geom+tags%3B"""
